:100000000C94DC110C9415120C9415120C9415120E
:100010000C9415120C9415120C9415120C941512C4
:100020000C9415120C9415120C9415120C941512B4
:100030000C9415120C9415120C9415120C941512A4
:100040000C9415120C9415120C9415120C94151294
:100050000C9475160C9415120C9415120C94151220
:100060000C9415120C9415120C9415120C94151274
:100070000C9415120C9415120C9415120C94151264
:100080000C9415120C9415120C9415120C94151254
:100090000C9415120C9415120C9415120C94151244
:1000A0000C9415120C9415120C9415120C94151234
:1000B0000C9415120C9415120C9415120C94151224
:1000C0000C9415120C9415120C9415120C94151214
:1000D0000C9415120C9415120C9415120C94151204
:1000E0000C9415120C9415120C9415120C941512F4
:1000F0000C9415120C9415120C9415120C941512E4
:100100000C9415120C9415120C9415120C941512D3
:100110000C9415120C9415120C9415120C941512C3
:100120000C9415120C9415120C9415120C941512B3
:100130000C9415120C9415120C9415120C941512A3
:100140000C9415120C9415120C9415120C94151293
:100150000C9415120C9415120C9415120C94151283
:100160000C942D280C9415120C9415120C94151245
:100170000C9415120C9415120C9415120C94151263
:100180000C9415120C9415120C9415120C94151253
:100190000C9415120C9415120C9415120C94151243
:1001A0000C9415120C9415120C9415120C94151233
:1001B0000C9415120C9415120C9415120C94151223
:1001C0000C9415120C9415120C9415120C94151213
:1001D0000C9415120C9415120C9415120C94151203
:1001E0000C9415120C9415120C9415120C941512F3
:1001F0000C9415120C94FB560C9415122553434481
:10020000432D41434D2032203A20426175645261B2
:100210007465425053203D20256C750A00455645B3
:100220004E545F4344435F4465766963655F4C6940
:100230006E65456E636F64696E674368616E67657E
:10024000642829202D200025534344432D41434D4C
:100250002031203A204261756452617465425053E6
:10026000203D20256C750A0025534344432D41430E
:100270004D203220646973636F6E6E6563746564CC
:100280000A0025534344432D41434D203220636FE0
:100290006E6E65637465640A0025534344432D41C3
:1002A000434D203120646973636F6E6E65637465BE
:1002B000640A004556454E545F4344435F446576A7
:1002C0006963655F436F6E74726F4C696E655374DA
:1002D0006174654368616E6765642829202D20007C
:1002E00025534344432D41434D203120636F6E6EAF
:1002F00065637465640A0025534344432D41434DAF
:10030000203F3F3F0A0025536877757872745F631A
:100310006C656172427265616B28290A0025536819
:1003200077757872745F736574427265616B2020B3
:1003300028290A0025534344432D41434D203220B0
:100340003D2025640A004556454E545F4344435FB3
:100350004465766963655F427265616B53656E746F
:100360002829202D200025534344432D41434D206F
:1003700031203D2025640A004556454E545F5553B3
:10038000425F4465766963655F436F6E6669677552
:10039000726174696F6E4368616E676564282920B5
:1003A0002D2000255355534220636F6E6669677593
:1003B000726174696F6E20737563636573730A008D
:1003C00025533E3E3E205B5761746368646F67202F
:1003D00052657365745D202D207761697420646FA8
:1003E0006E650A0A0A0A0025533E3E3E205B5761AD
:1003F000746368646F672052657365745D202D2097
:10040000776169742025642F25640A005F73657421
:10041000757048617264776172652829202D20000B
:1004200025530A0A0A0A0025537265736574546FCE
:10043000426F6F746C6F6164657228290A002553DE
:10044000726573657453797374656D28290A002584
:10045000533D3D3D3D3D20656E746572696E67207C
:10046000746865206D61696E206C6F6F7020285212
:1004700053542E5354415455533D307825303258FF
:1004800029203D3D3D3D3D0A0A0A0A006D61696E25
:100490002829202D200034034A0078004D006100F7
:1004A0006B00650020005500530042002D004700FE
:1004B000500049004F0020004D006F00640075009F
:1004C0006C006500200049004900000062034A00FA
:1004D00078004D0061006B00650020002800680076
:1004E00074007400700073003A002F002F00730036
:1004F0006F00750072006300650066006F00720097
:10050000670065002E006E00650074002F0070000B
:1005100072006F006A0065006300740073002F00B2
:100520006A0078006D0061006B0065002900000022
:100530000403090409028300040100C032080B000F
:100540000202020100090400000102020100052468
:100550000010010424020605240600010705830398
:100560000800FF09040100020A000000070502025A
:1005700040000507058102400005080B0202020247
:10058000010009040200010202010005240010011B
:10059000042402060524060203070586030800FF5B
:1005A00009040300020A00000007050502400005D7
:1005B0000705840240000512011001EF020108EB5B
:1005C000034E2001000102DC010008101820283031
:1005D00038010204081020408008060806080608B2
:1005E00006080608060806080605060506050605A7
:1005F000060506050605060506060606060606069F
:10060000060606060606060606410641064106419E
:1006100006000000000000000042064206420642BA
:1006200006000000000000000040064006400640B2
:10063000060000000000000000010601060106019E
:10064000060106010601060106020602060206026E
:100650000602060206020602060006000600060062
:100660000600060006000600061006110612061314
:1006700006140615061606170628082A082C082E42
:100680000800000000000000001020408000000072
:100690000068777477695F726561645F6F6E655F2C
:1006A00063662829202D20002553726571756573B6
:1006B0007465642053434C206672657175656E6382
:1006C00079202825642920746F6F206C6F770A00C9
:1006D00068777477695F77726974655F6F6E655F5D
:1006E00063662829202D2000255372657175657376
:1006F0007465642053434C206672657175656E6342
:1007000079202825642920746F6F20686967680A3A
:100710000025537265717565737465642053434C8D
:10072000206672657175656E6379202825642920BD
:10073000746F6F206C6F773B207573696E672073E1
:100740007570706F72746564206D696E696D756D1A
:100750002053434C206672657175656E63790A009B
:1007600068777477695F626567696E2829202D2034
:100770000025537265717565737465642053434C2D
:10078000206672657175656E63792028256429205D
:10079000746F6F20686967683B207573696E6720A6
:1007A000737570706F72746564206D6178696D75B2
:1007B0006D2053434C206672657175656E63790ACE
:1007C000005F6877756172745F7365744261756408
:1007D000726174655F696D706C2829202D20005F3F
:1007E0006877757372745F73657442617564726162
:1007F00074655F696D706C2829202D200025536277
:1008000061756472617465206368616E67656420F8
:10081000746F20256C750A002553726571756573B8
:100820007465642062617564726174652028256C4A
:10083000752920746F6F206C6F773B20626175643F
:100840007261746520756E6368616E6765640A0025
:100850002553726571756573746564206261756492
:10086000726174652028256C752920746F6F20686B
:100870006967683B20626175647261746520756E9A
:100880006368616E6765640A00255373746F702036
:100890006269742032206572726F720A0025537388
:1008A000746F70206269742031206572726F720AF1
:1008B000002553706172697479206572726F720AD3
:1008C000006262757372745F72782829202D20008F
:1008D000255374696D656F7574207768696C652040
:1008E00077616974696E6720666F722073746172D4
:1008F00074206269740A000000010002000400060E
:100900000008000A00190032004B006400FA00F4ED
:1009100001EE02E803C40988134C1D1027A86118D2
:10092000F6000048EE0000D8D60000C8AF00007006
:10093000940000E880000030750000803E00005404
:1009400024000064190000881300003408000042ED
:10095000040000B202000012020000D20000006E8B
:100960000000004600000032000000140000006299
:10097000627377696D5F6C696E6552657365742823
:1009800029202D200062627377696D5F6265676957
:100990006E2829202D200025532564207C202564E5
:1009A000205B25642025645D0A0025533F0A005F13
:1009B00073656E644E616B5F7265736574436D64DD
:1009C0002829202D2000255325530A006E6F7420FE
:1009D000696D706C656D656E746564207965740011
:1009E0002553636F6D6D616E642025303258206928
:1009F00073206E6F7420696D706C656D656E7465C3
:100A000064207965740A004A544147205842207492
:100A100072616E73666572206661696C6564004A16
:100A200054414720746865206E756D626572206F51
:100A300066207061697273206973206F7574206F0E
:100A4000662074686520616C6C6F776564207261E4
:100A50006E676500434D445F4A5441475F58425FAB
:100A60005452414E53464552004A544147207472F5
:100A7000616E73666572206661696C6564004A54D4
:100A8000414720746865206E756D626572206F66DF
:100A9000206279746573206973206F7574206F66A6
:100AA0002074686520616C6C6F7765642072616E7C
:100AB000676500434D445F4A5441475F5452414E7D
:100AC00053464552004A54414720544D53206661D5
:100AD000696C65640025532553202D206661696C7F
:100AE00065643A20544D53206572726F720A002576
:100AF000532553202564202564202564207C20254F
:100B000064205B253032585D0A00434D445F4A54EF
:100B100041475F544D53006661696C656420746F92
:100B200020736574204A544147206E5253542F6EEF
:100B3000545253542F5444490025532553202D20FB
:100B40006661696C65643A20736574206E52535413
:100B50002F6E545253542F544449206572726F7251
:100B60000A00434D445F4A5441475F5345545F5226
:100B700045534554006661696C656420746F207349
:100B80006574204A54414720636C6F636B2064692D
:100B9000766964657200434D445F4A5441475F5330
:100BA00045545F4652455155454E4359004A5441BC
:100BB00047206973206E6F7420656E61626C656496
:100BC00000434D445F4A5441475F44495341424CBE
:100BD00045006661696C656420746F20696E697494
:100BE00069616C697A65204A5441470063616E6EA1
:100BF0006F7420656E61626C65204A5441472062C3
:100C00006563617573652048572D5350492F4857C8
:100C10002D555852542F42422D555352542F424273
:100C20002D5357494D20697320616C726561647959
:100C300020656E61626C65640025532553202D206C
:100C40006661696C65643A2048572D5350492F48B6
:100C5000572D555852542F42422D555352542F421E
:100C6000422D5357494D20697320656E61626C6552
:100C7000640A004A54414720697320616C726561BF
:100C8000647920656E61626C656400434D445F4A1F
:100C90005441475F454E41424C450042422D535717
:100CA000494D20636F6D6D616E6420574F5446202F
:100CB0006661696C65640025532553202D205048DA
:100CC0004153452032205B25645D20253032582079
:100CD0002530325820253032580A00434D445F42B7
:100CE000425F5357494D5F574F5446002553255394
:100CF000202D2050484153452031205B25645D2044
:100D000025303258202530325820253032580A00FC
:100D100042422D5357494D20636F6D6D616E6420C3
:100D2000524F5446206661696C65640042422D53FF
:100D300057494D20746865206E756D626572206F2D
:100D400066206279746573206973206F7574206FF3
:100D5000662074686520616C6C6F776564207261D1
:100D60006E676500434D445F42425F5357494D5F94
:100D7000524F54460025532553205B25645D2025A2
:100D8000303258202530325820253032580A00425F
:100D9000422D5357494D20636F6D6D616E64205332
:100DA000525354206661696C656400434D445F4250
:100DB000425F5357494D5F535253540042422D53A3
:100DC00057494D206661696C656420746F206C69B9
:100DD0006E6520726573657400434D445F42425FE7
:100DE0005357494D5F4C494E455F5245534554005A
:100DF00042422D5357494D206973206E6F74206510
:100E00006E61626C656400434D445F42425F5357BC
:100E1000494D5F44495341424C45006661696C65E8
:100E20006420746F20696E697469616C697A6520E9
:100E300042422D5357494D0042422D5357494D20B0
:100E4000697320616C726561647920656E61626CA2
:100E500065640063616E6E6F7420656E61626C65BF
:100E60002042422D5357494D206265636175736579
:100E70002048572D53504920697320616C72656179
:100E8000647920656E61626C65640063616E6E6F8B
:100E90007420656E61626C652042422D5357494D46
:100EA00020626563617573652042422D555352542B
:100EB00020697320616C726561647920656E61627E
:100EC0006C6564206F722048572D5553525420682A
:100ED000617320656E61626C656420736C61766518
:100EE0002073656C656374696F6E20737570706FC5
:100EF00072740063616E6E6F7420656E61626C6502
:100F00002042422D5357494D2062656361757365D8
:100F1000204A54414720697320616C72656164798D
:100F200020656E61626C656400434D445F42425FC0
:100F30005357494D5F454E41424C450042422D5565
:100F40005352542072656365697665206661696CE9
:100F500065640025532553202D206661696C656406
:100F60003A2072656365697665206572726F720AF0
:100F700000434D445F42425F555352545F52580004
:100F800042422D55535254207472616E736D6974D0
:100F9000206661696C65640025532553202D206609
:100FA00061696C65643A207472616E736D69742056
:100FB0006572726F720A0042422D5553525420746A
:100FC0006865206E756D626572206F662062797447
:100FD0006573206973206F7574206F66207468656F
:100FE00020616C6C6F7765642072616E6765004389
:100FF0004D445F42425F555352545F545800424241
:101000002D55535254206661696C656420746F20BD
:1010100070756C7365207468652073657269616CA6
:1010200020636C6F636B206C696E6500434D445F99
:1010300042425F555352545F50554C53455F58439D
:101040004B00434D445F42425F555352545F444509
:1010500053454C4543545F534C4156450042422D45
:1010600055535254206661696C656420746F206426
:101070006573656C65637420736C61766500434DC0
:10108000445F42425F555352545F53454C4543546D
:101090005F534C4156450042422D555352542069EE
:1010A00073206E6F7420656E61626C656400434DE1
:1010B000445F42425F555352545F44495341424C4E
:1010C00045006661696C656420746F20696E69749F
:1010D00069616C697A652042422D5553525400254E
:1010E00053255320256C7520256420256420256414
:1010F0000A0042422D5553525420697320616C728C
:101100006561647920656E61626C65640063616E1F
:101110006E6F7420656E61626C652042422D55537E
:10112000525420626563617573652048572D535092
:101130004920697320616C726561647920656E6114
:10114000626C65640025532553202D206661696C0F
:1011500065643A2048572D53504920697320656EC5
:1011600061626C65640A0063616E6E6F7420656E07
:1011700061626C652042422D555352542062656372
:10118000617573652042422D5357494D2069732084
:10119000616C726561647920656E61626C65640082
:1011A00063616E6E6F7420656E61626C6520424291
:1011B0002D555352542062656361757365204A54FE
:1011C000414720697320616C726561647920656EA6
:1011D00061626C656400434D445F42425F55535207
:1011E000545F454E41424C4500434D445F48575F74
:1011F000555352545F44495341424C455F54585FE4
:10120000414654455200434D445F48575F55535241
:10121000545F44495341424C455F545800434D4448
:101220005F48575F555352545F454E41424C455FAE
:1012300054580048572D55535254206661696C65C7
:101240006420746F20646573656C65637420736CCF
:1012500061766500434D445F48575F555352545F74
:10126000444553454C4543545F534C415645004813
:10127000572D55535254206661696C656420746F14
:101280002073656C65637420736C617665006661BC
:10129000696C656420746F20696E697469616C693A
:1012A0007A6520736C6176652073656C656374691B
:1012B0006F6E20737570706F727420666F72204845
:1012C000572D555352540025532553202D20666128
:1012D000696C65643A20535320737570706F727433
:1012E00020696E697469616C697A6174696F6E20D6
:1012F0006572726F720A0025532553202D20666196
:10130000696C65643A205353206973207573656472
:101310002062792048572D5350490A00696E207485
:1013200068652063757272656E742073746174658C
:101330002C2048572D5553525420646F6573206EEE
:101340006F7420737570706F727420736C61766542
:101350002073656C656374696F6E20626563617587
:10136000736520746865207369676E616C206973AA
:1013700020616C726561647920757365642062799F
:101380002048572D5350492F42422D5357494D0065
:1013900025532553202D206661696C65643A2053DE
:1013A0005320697320757365642062792042422D51
:1013B0005357494D0A00434D445F48575F555352B8
:1013C000545F53454C4543545F534C415645004888
:1013D000572D55535254206973206E6F7420656EDB
:1013E00061626C656400434D445F48575F555352DA
:1013F000545F44495341424C45006661696C6564E1
:1014000020746F20696E697469616C697A6520481F
:10141000572D55535254002553255320256420251C
:10142000640A0025532553202D206661696C65648C
:101430003A207365636F6E646172792076697274A5
:1014400075616C2073657269616C20706F727420B5
:10145000696E697469616C697A6174696F6E20651F
:1014600072726F720A0048572D5553525420697397
:1014700020616C726561647920656E61626C65647F
:101480000063616E6E6F7420656E61626C652048EA
:10149000572D55535254206265636175736520481A
:1014A000572D5541525420697320616C72656164F7
:1014B0007920656E61626C65640025532553202D8B
:1014C000206661696C65643A2048572D5541525435
:1014D00020697320656E61626C65640A0063616EE9
:1014E0006E6F7420656E61626C652048572D555390
:1014F00052542062656361757365204A54414720E8
:10150000697320616C726561647920656E61626CDB
:10151000656400434D445F48575F555352545F45DF
:101520004E41424C4500746865207365636F6E647C
:101530006172792028706173732D7468726F75679A
:10154000682920696E7465726661636520726561E1
:101550006420627566666572206973206E6F742000
:10156000656D7074790025532553202D20666169BF
:101570006C65643A20627566666572206E6F7420D1
:10158000656D7074790A00434D445F48575F55415B
:1015900052545F44495341424C455F54585F414661
:1015A00054455200434D445F48575F554152545F84
:1015B00044495341424C455F545800434D445F48B1
:1015C000575F554152545F454E41424C455F545818
:1015D0000048572D55415254206973206E6F742076
:1015E000656E61626C656400434D445F48575F55AA
:1015F0004152545F44495341424C45006661696C15
:10160000656420746F20696E697469616C697A65BC
:101610002048572D55415254006661696C6564201D
:10162000746F20696E697469616C697A6520746889
:1016300065207365636F6E646172792028706173D1
:10164000732D7468726F7567682920696E7465728E
:10165000666163650025532553202D206661696C02
:1016600065643A207365636F6E6461727920766990
:10167000727475616C2073657269616C20706F7231
:1016800074206572726F720A0048572D554152548A
:1016900020697320616C726561647920656E616296
:1016A0006C65640063616E6E6F7420656E61626C60
:1016B000652048572D55415254206265636175730A
:1016C000652048572D5553525420697320616C7220
:1016D0006561647920656E61626C656400255325DF
:1016E00053202D206661696C65643A2048572D555A
:1016F00053525420697320656E61626C65640A0000
:1017000063616E6E6F7420656E61626C6520485710
:101710002D554152542062656361757365204A54AA
:10172000414720697320616C726561647920656E40
:1017300061626C656400434D445F48575F55415298
:10174000545F454E41424C450048572D545749205F
:1017500072656164206F6E6520627974652028432C
:101760004629206661696C656400434D445F4857B3
:101770005F5457495F524541445F4F4E455F434672
:10178000002553255320256C7520253032580A003A
:1017900048572D545749207772697465206F6E65DC
:1017A00020627974652028434629206661696C654A
:1017B0006400434D445F48575F5457495F5752494F
:1017C00054455F4F4E455F43460025532553202522
:1017D0006C75202530325820253032580A00485781
:1017E0002D545749207363616E6E696E6720666180
:1017F000696C656400434D445F48575F5457495FC7
:101800005343414E0025532553202D206661696CBA
:1018100065643A207363616E6E696E6720657272EB
:101820006F720A00434D445F48575F5457495F4900
:10183000535F454E41424C45440048572D5457494B
:101840002072656164206661696C656400255325BA
:1018500053202D206661696C65643A20726561646D
:10186000206572726F720A00434D445F48575F549F
:1018700057495F524541445B5F4E4F5F53544F5051
:101880005D0025532553205B25645D0A0048572DD4
:10189000545749207772697465206661696C656484
:1018A0000025532553202D206661696C65643A201C
:1018B0007772697465206572726F720A0048572DDD
:1018C00054574920746865206E756D626572206F8B
:1018D00066206279746573206973206F7574206F58
:1018E000662074686520616C6C6F77656420726136
:1018F0006E676500434D445F48575F5457495F57D3
:10190000524954455B5F4E4F5F53544F505D004802
:10191000572D545749206973206E6F7420656E618E
:10192000626C656400434D445F48575F5457495F9C
:1019300044495341424C45006661696C65642074BA
:101940006F20696E697469616C697A652048572DEA
:10195000545749002553255320256C7520256420B4
:1019600025640A0048572D54574920697320616C3B
:10197000726561647920656E61626C656400434DD7
:10198000445F48575F5457495F454E41424C4500BC
:1019900048572D5350492058422073706563696140
:1019A0006C206661696C65640025532553202D20E9
:1019B0006661696C65643A2058422073706563699A
:1019C000616C206572726F720A00434D445F485724
:1019D0005F5350495F58425F5350454349414C0063
:1019E00048572D535049205842207472616E7366D7
:1019F0006572206661696C65640025532553202D4E
:101A0000206661696C65643A205842207472616E88
:101A100073666572206572726F720A0048572D53A3
:101A2000504920746865206E756D626572206F661E
:101A3000207061697273206973206F7574206F66FE
:101A40002074686520616C6C6F7765642072616ECC
:101A500067650025532553202D206661696C6564F8
:101A60003A20746865206E756D626572206F66201D
:101A700070616972732028256429206973206F754D
:101A800074206F662072616E67650A00434D445F83
:101A900048575F5350495F58425F5452414E534636
:101AA00045520025532553202D20504841534520B1
:101AB00031205B253032583A253032585D205B2585
:101AC000645D0A006661696C656420746F20636CF4
:101AD0006561722048572D53504920627265616BD1
:101AE0000025532553202D206661696C65643A20DA
:101AF000636C65617220627265616B0A0066616980
:101B00006C656420746F207365742048572D5350A2
:101B10004920627265616B0025532553202D206694
:101B200061696C65643A2073657420627265616BEB
:101B30000A002553255320253038580A00434D44C8
:101B40005F48575F5350495F5345545F434C525F62
:101B5000425245414B5B5F4558545D006661696C7C
:101B6000656420746F207365742048572D53504965
:101B700020535049206D6F64650025532553202D57
:101B8000206661696C65643A20736574205350491E
:101B9000206D6F6465206572726F720A00434D4458
:101BA0005F48575F5350495F5345545F5350495FF7
:101BB0004D4F4445006661696C656420746F207305
:101BC00065742048572D53504920636C6F636B2018
:101BD000646976696465720025532553202D20665B
:101BE00061696C65643A2073657420636C6F636B24
:101BF0002064697669646572206572726F720A008A
:101C0000255325532025640A00434D445F48575F00
:101C10005350495F5345545F53434B5F46524551C0
:101C200055454E43590025532553202D20504841FA
:101C300053452032205B25645D205B25645D0A00EE
:101C4000434D445F48575F5350495F5452414E5390
:101C50004645525F5731364E445F523136444E004E
:101C600025532553202D2050484153452031205BDA
:101C700025645D205B25645D0A0048572D5350495B
:101C8000207472616E73666572206661696C65644A
:101C90000025532553202D206661696C65643A2028
:101CA0007472616E73666572206572726F720A007B
:101CB00025532553202D2050484153452032205B89
:101CC00025645D0A0048572D5350492074686520EB
:101CD0006E756D626572206F66206279746573201F
:101CE0006973206F7574206F662074686520616C5D
:101CF0006C6F7765642072616E67650025532553AC
:101D0000202D206661696C65643A20746865206ED8
:101D1000756D626572206F66206279746573202824
:101D2000256429206973206F7574206F66207261A5
:101D30006E67650A00434D445F48575F5350495FE3
:101D40005452414E534645520025532553202D20D1
:101D500050484153452031205B25645D0A004857B7
:101D60002D535049206661696C656420746F20644E
:101D70006573656C65637420736C61766500434DB3
:101D8000445F48575F5350495F444553454C454372
:101D9000545F534C4156450048572D5350492066D7
:101DA00061696C656420746F2073656C6563742071
:101DB000736C6176650025532553202D206661697B
:101DC0006C65640A00434D445F48575F5350495F58
:101DD00053454C4543545F534C4156450048572D9D
:101DE000535049206973206E6F7420656E61626C78
:101DF00065640025532553202D206661696C656458
:101E00003A206E6F7420656E61626C65640A0043EF
:101E10004D445F48575F5350495F44495341424CDA
:101E200045006661696C656420746F20696E697431
:101E300069616C697A652048572D535049002553D4
:101E40002553202D206661696C65643A20696E69AE
:101E50007469616C697A6174696F6E206572726F02
:101E6000720A00255325532025642025642025640B
:101E70000A0048572D53504920697320616C7265E0
:101E800061647920656E61626C6564002553255339
:101E9000202D206661696C65643A20616C72656111
:101EA000647920656E61626C65640A0063616E6EC0
:101EB0006F7420656E61626C652048572D535049E0
:101EC00020626563617573652042422D5357494D09
:101ED00020697320616C726561647920656E61624E
:101EE0006C65640025532553202D206661696C655F
:101EF000643A2042422D5357494D20697320656E44
:101F000061626C65640A0063616E6E6F7420656E59
:101F100061626C652048572D5350492062656361AA
:101F20007573652042422D555352542069732061C8
:101F30006C726561647920656E61626C6564206FA6
:101F4000722048572D555352542068617320656E96
:101F500061626C656420736C6176652073656C6585
:101F60006374696F6E20737570706F72740025539F
:101F70002553202D206661696C65643A2042422D0C
:101F80005553525420697320656E61626C656420FC
:101F90006F722048572D5553525420686173206545
:101FA0006E61626C656420535320737570706F723C
:101FB000740A0063616E6E6F7420656E61626C6599
:101FC0002048572D53504920626563617573652021
:101FD0004A54414720697320616C726561647920BD
:101FE000656E61626C65640025532553202D206663
:101FF00061696C65643A204A5441472069732065E1
:102000006E61626C65640A00434D445F48575F53DC
:1020100050495F454E41424C45006661696C6564BC
:1020200020746F2063616C6962726174652056521E
:102030004541440025532553202D206661696C6578
:10204000643A2063616C6962726174696F6E2065C5
:1020500072726F720A00434D445F48575F475049A0
:102060004F5F43414C4942524154455F56524541AE
:102070004400255325532025253034580A00255384
:10208000434D445F48575F4750494F5F4745545F52
:10209000565245414420253034580A002553434DBB
:1020A000445F48575F4750494F5F4745545F41443D
:1020B0004320253034580A002553434D445F485788
:1020C0005F4750494F5F5345545F50574D2025306F
:1020D000325820253032580A002553434D445F487A
:1020E000575F4750494F5F4745545F56414C5545F0
:1020F0005320253032580A002553434D445F48573A
:102100005F4750494F5F5345545F56414C554553C7
:10211000202530325820253032580A002553434DAF
:10212000445F48575F4750494F5F5345545F4D4F99
:102130004445202530325820253032582025303271
:10214000580A002553434D445F4445544543540ABF
:10215000002553434D445F52455345545F544F5FF0
:10216000424F4F544C4F414445520A002553434D72
:10217000445F52455345540A002553434D445F453F
:102180004E41424C455F44454255475F4D45535390
:1021900041474520253032580A002553434D445FBE
:1021A0004745545F4649524D574152455F56455247
:1021B00053494F4E0A002553434D445F4745545FF2
:1021C00050524F544F434F4C5F56455253494F4E18
:1021D0000A002553434D445F50494E470A0025539A
:1021E000726563656976656420256420636F6D6D33
:1021F000616E6420706172616D65746572206279D0
:1022000074652873290A00726563656976652063C1
:102210006F6D6D616E6420706172616D6574657261
:1022200020627974652873292074696D656F7574EF
:1022300000255372656365697665642076616C6913
:102240006420636F6D6D616E642025303258203BD1
:10225000206E756D626572206F6620706172616DAF
:10226000657465722062797465287329203D202584
:10227000640A00696E76616C696420636F6D6D61DC
:102280006E640068616E646C655072696D6172792C
:102290002829202D200025537265636569766564C1
:1022A00020696E76616C696420636F6D6D616E6428
:1022B00020253032580A00000000FFFF01FFFF0018
:1022C00000FFFFFF06FFFFFFFFFFFFFFFFFFFFFF16
:1022D000FFFFFFFFFFFFFF03020002010002FFFFFD
:1022E000FFFFFFFFFFFFFFFFFFFFFFFFFFFFFFFFFE
:1022F000FFFFFFFFFFFFFF01000000010101FF01E1
:102300000103FF01FFFFFF05FFFFFFFFFFFFFFFFCF
:10231000FFFFFFFFFFFFFF040002020202FFFFFFBB
:102320000000FF0504FFFFFFFFFFFFFFFFFFFFFFB0
:10233000FFFFFFFFFFFFFF0000FFFF000001FFFFA7
:10234000FFFFFFFFFFFFFFFFFFFFFFFFFFFFFFFF9D
:10235000FFFFFFFFFFFFFF01000000000001FFFF84
:10236000FFFFFFFFFFFFFF04000000020101FFFF6E
:10237000FFFFFFFFFFFFFFFFFFFFFFFFFFFFFFFF6D
:10238000FFFFFFFFFFFFFF000000FF000404FFFF4F
:10239000FFFFFFFFFFFFFFFFFFFFFFFFFFFFFFFF4D
:1023A000FFFFFFFFFFFFFF01000101FF02FF02022D
:1023B000FFFFFFFFFFFFFF0011241FBECFEFCDBFC8
:1023C000DFE3DEBF00E00CBF18BE19BE1ABE1BBEA5
:1023D0008091780090E08093FA2B9093FB2B8FEF05
:1023E00080937800A89588ED91E084BF9093800059
:1023F0008091820080FDFCCF10E2A0E0B0E2E0ED31
:10240000F9EB00E00BBF02C007900D92A435B107B5
:10241000D9F71BBE2BE2A4E5B0E201C01D92AA3F92
:10242000B207E1F704D00C94E65C0C9400008BE456
:10243000809352008091500088608093500080917A
:10244000510083FFFCCF84EC8093550080915000B5
:102450008061809350008091510084FFFCCF8FB742
:10246000F894A0E4B0E028ED30E094E01BBEFD015C
:1024700024BF90838FBF8FE39FE10197F1F700C0E6
:102480000000809140008091500082608093500055
:102490008091510081FFFCCF809156008460809331
:1024A00056008BE18093650087EB8093660092E095
:1024B0009093CA01EDE1F0E0E491E0936200ECE179
:1024C000F0E0E491E09363001092CA0181E0809310
:1024D000600027E02093A20023E820930001D0E2CF
:1024E000D0936106C0E1C093610690932606909355
:1024F000210694E0909326069093210698E090930D
:102500002606909321068093660680936106B0D4D8
:102510000E94971A0E94953825D746D5882309F43A
:1025200099C08091FA2B9091FB2B87739927892B67
:1025300009F08FC08CE094E09F938F9380E294E049
:102540009F938F938FEF8F934BD7D0936606C09353
:1025500066060F900F900F900F900F90C1E0D0E0A3
:1025600095E0B92E0CE014E027EEE22E23E0F22EE7
:10257000AA24AA9430E2D32E40E1C42E1F92BF9227
:10258000DF93CF931F930F93FF92EF92AF9228D7D1
:102590004DB75EB7475F5F4F4DBF5EBF85E0D092DE
:1025A00065065FEF92E527E0515090402040E1F74B
:1025B00000C00000D09266063FEF42E557E0315080
:1025C00040405040E1F700C0000081508111E7CF4A
:1025D0008FEF99E628E1815090402040E1F700C05C
:1025E000000085E0C09265063FEF42E557E03150BC
:1025F00040405040E1F700C00000C09266069FEFE7
:1026000022E537E0915020403040E1F700C0000063
:1026100081508111E7CF4FEF59E688E1415050409A
:102620008040E1F700C000002196C630D10509F0D6
:10263000A5CF8CE094E09F938F9380EC93E09F93E1
:102640008F938FEF8F93CCD60F900F900F900F90AA
:102650000F90A5D42AE090E280E1909365068093E4
:1026600066063FEF41EE54E0315040405040E1F704
:1026700000C0000090936606809365063FEF41EE30
:1026800054E0315040405040E1F700C0000021507C
:102690002111E3CF90936606809366060E94C4568C
:1026A000789416D4CCE8D4E0DF93CF9380E294E022
:1026B0009F938F931FEF1F9393D68091FA2B909146
:1026C000FB2B9F938F93DF93CF938FE494E09F93A3
:1026D0008F931F9385D6DED36B017C014DB75EB718
:1026E000445F5F4F4DBF5EBF2601370100E010E23F
:1026F000D0E18BE190E20E94225880E090E20E94BB
:1027000022580E944E53C0915E20C11129C0C2D3ED
:10271000462F572FBC01DB01CA018C199D09AE0958
:10272000BF09853C9940A105B105D0F4DB01CA0180
:1027300084199509A609B7094997A105B105C8F2F9
:10274000011109C010936506D0936606C1E00C2FF5
:102750002A013B01CECF10936606D0936506F7CFD2
:1027600080915E20882309F451C0CCE8D4E08EE348
:10277000A82E84E0B82E99249A9407E214E08BE105
:1027800090E20E94F73880E090E20E9480518BE155
:1027900090E20E94225880E090E20E9422580E941B
:1027A0004E5378D36B017C01F8948091582090911E
:1027B0005920A0915A20B0915B20892B8A2B8B2B1A
:1027C00009F052C08091542090915520A09156203C
:1027D000B0915720892B8A2B8B2B09F443C0809111
:1027E000542090915520A0915620B0915720789474
:1027F0008C159D05AE05BF0508F0C1CFDF93CF93C3
:102800001F930F939F92ECD590D650C00E948B5689
:1028100025E090E280E190936506809366063FEFA5
:1028200041EE54E0315040405040E1F700C000001C
:1028300090936606809365063FEF41EE54E0315079
:1028400040405040E1F700C0000021502111E3CF8B
:10285000909366068093660688ED91E084BF90931E
:102860007900FFCF78948BCF809158209091592098
:10287000A0915A20B0915B20409154205091552056
:102880006091562070915720452B462B472BA1F481
:1028900078948C159D05AE05BF0508F070CFDF93C9
:1028A000CF93BF92AF929F929BD53DD60F900F9042
:1028B0000F900F900F9063CF409054205090552070
:1028C000609056207090572078948C159D05AE0529
:1028D000BF0538F04C145D046E047F0408F48ECFFD
:1028E0004ECF8CE894E09F938F938EE394E09F9378
:1028F0008F938FEF8F9374D516D60F900F900F9004
:102900000F900F90E7CFE4C2E3C2CF938BE190E248
:102910000E947357C82F80E090E20E947357CC2327
:10292000A9F0882399F081E080935E2088E793E006
:102930009F938F9383EA93E09F938F938FEF8F936F
:102940004FD50F900F900F900F900F90CF91C0C266
:102950008BE190E20E94C85880E090E20C94C85845
:102960000F931F93CF93DF93EC01162F0E949928AA
:10297000882309F454C080E2CB31D807B9F41F9200
:102980001F9386E493E09F938F9386E693E09F9353
:102990008F938FEF8F9324D58DB79EB707968DBFFA
:1029A0009EBFDF91CF911F910F9192C2C050D04234
:1029B00059F51F921F93C6E4D3E0DF93CF9384E3CE
:1029C00093E09F938F930FEF0F930AD58DB79EB728
:1029D00007968DBF9EBF112381F00E94EA28DF93E6
:1029E000CF938DE193E09F938F930F93F9D40F9042
:1029F0000F900F900F900F90D4CF0E942029DF935B
:102A0000CF9386E093E0EFCF86E493E09F938F939C
:102A100087EF92E09F938F938FEF8F93E7CFDF91B4
:102A2000CF911F910F9108959C0180E22B313807BF
:102A300009F580912B20817080935D2080915D202D
:102A4000882389F083EB92E09F938F9380EE92E04E
:102A50009F938F938FEF8F93C3D40F900F900F900E
:102A60000F900F9035C283EB92E09F938F9389E98B
:102A700092E0EECF20503042B9F480911020817066
:102A800080935C2080915C20882339F083EB92E076
:102A90009F938F9382E892E0DBCF83EB92E09F934A
:102AA0008F9388E692E0D4CF83EB92E09F938F934D
:102AB00087EF92E0CDCFCF93DF9300D00F92CDB7C9
:102AC000DEB79C0180E22B31380709F048C08091C5
:102AD00032208F93809131208F93809130208F937B
:102AE00080912F208F938DE192E09F938F9387E4C5
:102AF00092E09F938F938FEF8F9372D4CDBFDEBF01
:102B000080912F2090913020A0913120B0913220DF
:102B1000803B9440A105B105C9F4BCD169837A8397
:102B20008B839C83DC01CB0186509F4FAF4FBF4FFF
:102B30008093542090935520A0935620B093572013
:102B40002496CDBFDEBFDF91CF91C2C11092542039
:102B5000109255201092562010925720F1CF2050FD
:102B6000304209F07FC0809117208F93809116200A
:102B70008F93809115208F93809114208F938DE1F6
:102B800092E09F938F938CEF91E09F938F938FEFC1
:102B90008F9326D48091142090911520A091162017
:102BA000B091172089839A83AB83BC83BC01CD018C
:102BB0000E949F2880911920CDBFDEBF823061F135
:102BC00040F481112DC080E00E94A82810921920A5
:102BD00003C083508230B8F380911820882311F10C
:102BE0008150823018F180911A208730B1F128F598
:102BF000853069F1863079F10E949928882309F49B
:102C00009FCF0E94D13281119BCF0E949C288823A4
:102C100031F10E94CA2994CF80E20E94A828DCCF1B
:102C200080E3FBCF80E00E94AB28DDCF88E00E94EC
:102C3000AB2882E080931820D6CF88508230E0F60F
:102C400083E00E94AE2888E080931A20D5CF80E0F0
:102C50000E94AE28D1CF81E0FBCF82E0F9CF0E9465
:102C6000BA296ECF8DE192E09F938F9387EF92E028
:102C70009F938F938FEF8F93B3D30F900F900F90FD
:102C80000F900F905DCF9C01DA01832F992782303E
:102C9000910509F18330910539F0019709F180E040
:102CA00090E020E030E00EC0C9019927213069F0A2
:102CB0008230910569F0E0E3F5E0892B81F784919A
:102CC00090E09F012D933C930895ECECF4E0F7CF56
:102CD000E6E9F4E0F4CF83E890E024E335E0F2CFD6
:102CE00082E190E027EB35E0EDCF1F921FB61F92F7
:102CF00011242F9328B72F9318BE29B72F9319BEED
:102D00003F938F939F93AF93BF9380916720909150
:102D10006820A0916920B0916A200A96A11DB11D7A
:102D20008093672090936820A0936920B0936A20D5
:102D300080916320882309F474C08091652090916C
:102D40006620019680936520909366200A97C0F0D4
:102D50009091642081E0911180E0809364208091C3
:102D60006420882309F459C080E28093650610929C
:102D700065201092662080916320815080936320AB
:102D800080915F202AE030E0811102C024E630E02B
:102D900080916120909162200196809361209093B0
:102DA00062208217930758F19091602081E0911181
:102DB00080E08093602080916020882309F44CC0DB
:102DC00080E18093650680915F20882309F44BC0E1
:102DD00080916020882309F443C0C901880F991F9E
:102DE000820F931F9695879596958795809361207E
:102DF0009093622080915F20815080935F20BF91EB
:102E0000AF919F918F913F912F9129BF2F9128BF13
:102E10002F911F901FBE1F90189580E28093660629
:102E2000A6CF80916420882309F4AACF80916520E1
:102E300090916620019680936520909366200A9772
:102E400008F49ECF1092642080E280936606109270
:102E500065201092662094CF80E180936606B3CF00
:102E600080E090E0C3CF1092612010926220C7CF23
:102E7000E0E4F8E088E391E086A397A310A211A212
:102E8000148213821282118287E0808381E086831C
:102E900017820895CF93DF9300D00F92CDB7DEB79E
:102EA000F8948091672090916820A0916920B0915A
:102EB0006A2089839A83AB83BC83789469817A8101
:102EC0008B819C812496CDBFDEBFDF91CF91089589
:102ED00084E080936320089584E080935F200895C8
:102EE0008091410187FDFCCF80916B2290916C22F3
:102EF000009769F0809344019093450110926B22F2
:102F000010926C2280914001806880934001089566
:102F1000CF93C82F80916B2290916C2281159240A3
:102F200008F0DEDF20916B2230916C22C9010196FE
:102F300080936B2290936C2225593F4DF901C083F9
:102F400080E090E0CF91089590917524911107C091
:102F50008093752481E08093742481E00895981310
:102F600004C0809174248F5FF6CF80E00895909123
:102F7000752498130BC0809174248150809374241D
:102F8000811102C01092752481E0089580E00895B7
:102F90008AEA9AEA8093FC2B9093FD2B0895109275
:102FA000FC2B1092FD2B08952091FC2B3091FD2BD2
:102FB00081E02A3A3A4A09F080E00895CF93DF93FE
:102FC000EC0189810E94EA540E940F55882319F070
:102FD000DF91CF910895CE010E942258F5CF0F9333
:102FE0001F93CF93DF9300D00F92CDB7DEB78983C5
:102FF000E0ECF1E08485886084870E9407520981B3
:10300000802F90E088509E4F880F991F880F991F3E
:10301000FC01F05F20813196408150E060E070E07B
:10302000BA0155274427722B32962081422B3197C3
:1030300080818A019B01182B09831A832B833C838F
:10304000C901B8012496CDBFDEBFDF91CF911F919A
:103050000F910895FF920F931F93CF93DF93C82F83
:10306000D42F152F062FF72EE0ECF1E08485886031
:1030700084870E9407528C2F90E088509E4F880FC3
:10308000991F880F991FFC01F05FF0823196008331
:10309000319610833196D0838FE3DF91CF911F91CA
:1030A0000F91FF900C940C522F923F924F925F928F
:1030B0006F927F928F929F92AF92BF92CF92DF9248
:1030C000EF92FF920F931F93CF93DF93CDB7DEB7AD
:1030D0006997CDBFDEBF69837A838B839C83E9EFD9
:1030E0002E2E33243A94412CF8E45F2EF8EE6F2E06
:1030F000772473944E8A5F8A688E798E1D8A00E0E9
:1031000010E01C8A298680E090E0A0E2B1EA022C5F
:1031100004C0B695A795979587950A94D2F72C0188
:103120003D0183E076946794579447948A95D1F74C
:103130004C865D866E867F868824839402C072E00A
:10314000872E912CA12CB12C27FC86C06C857D8507
:103150008E859F85A50194010E94C1592D833E83D0
:103160004F835887CA01B90129813A814B815C811B
:103170000E94C15969017A0184E0D81AE108F10876
:10318000C114D10490E4E906F104A0F52AE0F69414
:10319000E794D794C7942A95D1F7A70196012F5F9A
:1031A0003F4F4F4F5F4F6AE0220F331F441F551FA1
:1031B0006A95D1F76D817E818F8198850E94C15972
:1031C00049805A806B807C804216530664067506DF
:1031D00008F492C0D301C201821B930BA40BB50B60
:1031E0004E885F88688C798C84159505A605B7058F
:1031F00008F4A7C08A9489288A288B2809F49FCFCD
:103200004E885F88688C798C45284628472841F08D
:103210002FEF221A320A38E02316310409F072CF58
:10322000712F7295707F702B6C898D896996CDBFD7
:10323000DEBFDF91CF911F910F91FF90EF90DF9054
:10324000CF90BF90AF909F908F907F906F905F9046
:103250004F903F902F90089560E870E080E090E0FC
:10326000A50194010E94C15960E078E488EE91E0E4
:103270000E94B2596D837E838F839887662477245A
:103280006218730829813A814B815C810E94C1597F
:10329000DA01C9019450A109B109888B998BAA8BD5
:1032A000BB8B20E034E040E050E0062C04C0569593
:1032B0004795379527950A94D2F7BC01CD010E9416
:1032C000C15969017A01211590E13907410551057C
:1032D00008F090CF9AE0220F331F441F551F9A9594
:1032E000D1F704C056954795379527956A94D2F73C
:1032F0003C5F4F4F5F4F5ECFDA01C90149805A8072
:103300006B807C8084199509A609B7094E885F886F
:10331000688C798C84159505A605B70508F06ACFE9
:1033200021E02C8B31E083169104A104B10409F053
:103330001C8A8E8B9F8BA88FB98FCD8A0D2D1985F6
:1033400059CF41E04C8B51E085169104A104B104A2
:1033500009F01C8A0097A105B10559F7CD8A0D2DFA
:1033600019855ECF1092A70A81E08093A60A109279
:10337000A30A83E08093A50A88E08093A40A94E0DE
:10338000909382068093810680E48093400180912F
:10339000400186FDFCCF84E0809340011092410102
:1033A00080ED809342018CE8809343018BE690E2AC
:1033B000809348019093490110924A0180EA8093DA
:1033C0004C018AE080934D0110924E0186E390E219
:1033D00080936E2290936F22089580936D220895BA
:1033E000CF92DF92EF92FF921F93CF93DF93CDB7EF
:1033F000DEB71B85EC84FD84C0906E22D0906F22D6
:10340000C114D104F1F01F3F21F56ADDE114F1048C
:10341000C1F060E070E08BE57BDD60E070E088E5A6
:1034200077DD60E070E08DE573DD60E070E080E204
:103430006FDDAE01425F5F4FB701C6010E94215AA6
:103440004FDDDF91CF911F91FF90EF90DF90CF90F4
:10345000089580916D228123882399F341DDE11441
:10346000F10479F360E070E08BE552DD60E070E03C
:1034700085E410FDD5CF60E070E087E511FDD0CF89
:1034800060E070E08EE412FDCBCF13FFCACF60E0A6
:1034900070E089E4C5CFC82F1F921F928FEF8F93E2
:1034A0009FDF0E948B562FEF33EC49E021503040D4
:1034B0004040E1F700C000000F900F900F9085E0B2
:1034C00090E020E1209365065FEF33EC49E0515036
:1034D00030404040E1F700C00000209366065FEFF7
:1034E00033EC49E0515030404040E1F700C000006B
:1034F0000197009739F75FEF83EC99E051508040D6
:103500009040E1F700C00000F894CC2331F0EEEFDA
:10351000F0E091E09CBF1994FFCF88ED91E084BF6B
:1035200090937900FFCF80E0B6DF81E0B4DFCF93E6
:10353000DF93E0E0F8E085E08083818312821382EC
:1035400014828FEF90E086A397A316821782A0E0E3
:10355000B2E013961C92139716961C92169783E06E
:1035600012968C93129786E014968C931497C0EC65
:10357000D1E082E08A87E0E2F0E0E4911C96EC93EF
:103580001C97E1E2F0E0E4911D96EC931D971A86FA
:1035900080E611968C93119781E08C9390968C9392
:1035A000DF91CF9108950F931F93CF93A7E0B0E0E1
:1035B0002EE030E0C0E89A2FE62FA4301CF09CEFFC
:1035C0009A0FE82FF0E0990F02C0F595E7959A95CC
:1035D000E2F79E2F9370FD01E757F94F7491FD01BB
:1035E000EF52FA4F5491772371F0F0910108E72FD1
:1035F000E095EF23E0930108F901E75EF94F0591AB
:103600001491F80150839130F1F0923061F19111F1
:1036100010C0F901E75BF94F05911491F80150834F
:10362000F901E759F94F05911491F8019081977CC0
:103630009083C69522503109119708F0BCCFCF91E5
:103640001F910F910895F901E75BF94F05911491CE
:10365000F8015083F901E759F94F05911491F801E8
:1036600090819861E5CFF901E75CF94F05911491DC
:10367000F8015083942F9C23F901992339F0E751E5
:10368000FA4F05911491F8015083D3CFE750FA4FC8
:10369000F8CF0F931F93CF93DF93A7E0B0E02EE016
:1036A00030E050E8982F9523992309F439C0762FFC
:1036B0007523FD01E757F94F4491F901E75AF94F96
:1036C000C591D491F901E75DF94F05911491FD0180
:1036D000EF52FA4F9491E881E923E11105C0E80126
:1036E000E881E923EE23E1F0442391F0E091010821
:1036F00040954E2340930108F901E75EF94FC591CB
:10370000D4919883F901E75CF94FC591D4919883DE
:10371000F901772399F0E751FA4FC591D491988335
:1037200056952250310911972E3FDFEF3D0709F0E2
:10373000B9CFDF91CF911F910F910895E750FA4FC4
:10374000ECCF0F931F93CF93DF9367E070E02EE0F1
:1037500030E050E880E0FB01E757F94F4491F90170
:10376000E75AF94F05911491F901E75DF94FC591B9
:10377000D491F901E752FA4FA591B491FB01EF52B0
:10378000FA4F9491F8011081E12FE923E1111CC057
:10379000E881E923E11118C0442391F0E091010888
:1037A00040954E2340930108F901E75EF94FC5911A
:1037B000D4919883F901E75CF94FC591D49198832E
:1037C0004C9194239111852B5695225031096150CB
:1037D00071092E3FFFEF3F0709F0BDCFDF91CF9179
:1037E0001F910F910895CF93DF9390E0FC01E7576D
:1037F000F94F44919C01220F331FF901E75AF94F09
:10380000A591B491F901E75DF94FC591D4918F521B
:103810009A4FFC018491442309F19C9198239111C2
:1038200004C0988198239923C9F0F901E75BF94F07
:10383000A591B4918C93F901E75FF94FA591B491EB
:103840008C93F901E758F94FA591B49170E06D930D
:103850007C9380910108842B80930108DF91CF91A4
:103860000895809321028091200280688093200235
:103870008091230280FFFCCF809124029091250249
:103880008E3B910510F48EEB90E021E02093230213
:103890008E5B91090895CF93DF9390E09C01220FF6
:1038A000331FF901E75AF94FA591B491F901E75D8A
:1038B000F94FC591D491FC01EF52FA4F24918753EF
:1038C0009A4FFC0184918F3F59F09C919223911162
:1038D00007C098819223911103C0DF91CF91C1CF8E
:1038E00080E090E0DF91CF91089581E080932206FF
:1038F00080E4B7CFCF93DF9300D00F92CDB7DEB780
:103900008091442090914520A0914620B09147207D
:103910008F3F9F4FAF4FBF4FB9F480E060DB462F22
:10392000572FBC01DB01CA019150A240B10981307F
:103930009247A105B10540F540934420509345209E
:103940006093462070934720D0DF2091442030912F
:1039500045204091462050914720DC010E94FF59AC
:1039600069837A838B839C83DC01CB01189624E1E5
:10397000B695A795979587952A95D1F72496CDBFAB
:10398000DEBFDF91CF91089580E09AE3A2E0B0E03E
:103990008093442090934520A0934620B0934720E5
:1039A000D3CFCF92DF92EF92FF92CF93DF9300D0ED
:1039B00000D0CDB7DEB7A0E0B0E024E1880F991FBA
:1039C000AA1FBB1F2A95D1F79C01AD014850510990
:1039D00029833A834B835C8348E050E04D835E83C8
:1039E000C12CD12C760181DF9C0140E050E069813F
:1039F0007A818B819C810E94C159C20ED31EE41E24
:103A0000F51E8D819E8101978D839E83892B59F7A9
:103A1000B701A6014C5F5F4F6F4F7F4F83E07695F4
:103A20006795579547958A95D1F7DB01CA01915063
:103A3000A240B10981309247A105B105A8F4409395
:103A4000442050934520609346207093472080E0A7
:103A500001DB81E02696CDBFDEBFDF91CF91FF90E5
:103A6000EF90DF90CF90089580E0F4CF883040F160
:103A70002091792430917A24232B29F49091C00845
:103A80009F7B9093C0088C3099F168F48A3099F14B
:103A90008B30A1F18830A9F18CE190E080937924FA
:103AA00090937A2408958E3079F18F3081F18D30A2
:103AB00089F1863690F1833798F58456990BEECFCD
:103AC0009FEF980F963008F4892F91E08927982F5F
:103AD000969520917B24922B9093C00880FF05C07F
:103AE0008091C00880688093C00880E090E0D6CFC5
:103AF00086EF90E0D3CF8CE390E0D0CF89E790E0E1
:103B0000CDCF8DE090E0CACF81EE93E0C7CF80ECBF
:103B100097E0C4CF8FEE91E0C1CF81E090E0BECFBF
:103B20008FE090E0BBCF982F842F20917D2421112E
:103B300069C060937C2444E0949F90011124206527
:103B400020937B2491FB222720F9209378249170E5
:103B50009093772490915406977C662309F454C07F
:103B600090619093540690E190934606909155068B
:103B7000977C98619093550690E2909345069091BA
:103B80007824992309F447C090915706977C98614F
:103B90009093570690E89093450690E490934206E0
:103BA00091E09093650690E2909341069091702287
:103BB00091110DC090917322911103C022E02093C6
:103BC00025069F5F9093732291E09093702290E876
:103BD000909341069091712291110DC090917322A2
:103BE000911103C022E0209325069F5F90937322DA
:103BF00091E09093712290E19093410637DF81E04C
:103C000080937D2481E0089598619093540690E11B
:103C100090934506ABCF90915706977C9061909317
:103C2000570690E890934606B8CF80917D2488236C
:103C300009F44DC080E48093420680E280934206FE
:103C400080915506877C8093550681E080936606B7
:103C500080E88093420680915706877C80935706C0
:103C600080917022882361F080917322815080932B
:103C70007322811103C082E0809326061092702285
:103C800080E18093420680915406877C809354069D
:103C900080917122882361F08091732281508093FA
:103CA0007322811103C082E0809326061092712254
:103CB0008091792490917A24892B29F48091C008ED
:103CC0008F7B8093C00810927D24109276240895F3
:103CD000CF93C0917D24CC2329F09091762491112B
:103CE00004C0C4DE8C2FCF910895C0E0FBCF982F85
:103CF00080917D24882329F140917B24437F54E0E7
:103D0000959F90011124242B20937B2491FB222743
:103D100020F920937824917090937724209179242E
:103D200030917A24232B69F42091C0089091C00827
:103D30009F7B9093C008237890917B24922B909343
:103D4000C008089580917D24089580917D24882362
:103D500059F090917C24992321F090E190934506AD
:103D6000089590E190934606089580917D248823DC
:103D700059F090917C24992321F090E1909346068C
:103D8000089590E19093450608950F931F93CF9364
:103D9000DF93DB01FC0140E050E080E820E24A17BD
:103DA0005B072CF0DF91CF911F910F91089568E090
:103DB00070E09081392F317096959083909178249E
:103DC000C0917724CC2309F446C0911105C080939B
:103DD0004506C0E0D0E006C080934606FACF00005A
:103DE000000021960091792410917A24C017D10700
:103DF000B0F3332359F0209345069091782499230A
:103E000041F080934506C0E0D0E009C0209346060B
:103E1000F4CF80934606F7CF000000002196009172
:103E2000792410917A24C017D107B0F390914806F5
:103E300096FB992790F99795992797953081932B21
:103E40009083615071096115710509F0B2CF4F5F20
:103E50005F4F3196A4CF332349F020934506992331
:103E600041F080934606C0E0D0E009C020934606AA
:103E7000F6CF80934506F7CF000000002196009111
:103E8000792410917A24C017D107B0F39091480695
:103E900096FB992790F99795992797953081932BC1
:103EA000908390917824992329F080934506C0E06F
:103EB000D0E006C080934606FACF000000002196AD
:103EC0000091792410917A24C017D107B0F3B9CFAB
:103ED0000F931F93CF93DF93FC019B0180917D246F
:103EE0008823A9F0909176249111C4C061157105C1
:103EF00071F04091792450917A24452B09F495C0B2
:103F000060E070E090E840E2621773072CF0DF9108
:103F1000CF911F910F910895A8E0B0E05081C52F77
:103F2000D0E0CC0FDD1FC083C0917824D0917724DE
:103F3000DD2309F440C0C1112DC090934506C0E0B7
:103F4000D0E00091792410917A24C017D10728F18C
:103F500057FF27C04093450650917824552321F1FF
:103F600090934506C0E0D0E00091792410917A2426
:103F7000C017D107E0F0C0914806C6FBCC27C0F9B6
:103F800050815C2B50831197109741F66F5F7F4FE4
:103F90003196BACF90934606D2CF0000000021960A
:103FA000D0CF40934606D8CF90934606DBCF000093
:103FB00000002196D9CF57FF2BC040934506CC2354
:103FC00051F190934606C0E0D0E000917924109121
:103FD0007A24C017D10710F1C0914806C6FBCC2740
:103FE000C0F950815C2B5083509178245523D1F037
:103FF00090934506C0E0D0E00091792410917A2496
:10400000C017D10708F0BFCF000000002196F4CF01
:1040100040934606D4CF90934506D5CF00000000CC
:104020002196D3CF90934606E5CFF8949081909354
:10403000C308AB01DF01415051094115510569F435
:1040400021503109E20FF31F9091C20897FFFCCF76
:104050009091C308908378945ACF11966C911197E0
:104060009091C20897FFFCCF9091C3086093C3085A
:104070009D93E1CF80E04BCFAF92BF92CF92DF9282
:10408000EF92FF920F93CF93DF93D82F6B01C42F42
:10409000590116161706D4F01A141B040CF03DC073
:1040A0008C2F837024DE882379F0C295CF70D0E006
:1040B0006701E12CF12CF6010083018362E070E0DE
:1040C000C60106DF811134C080E028C083700FDE96
:1040D0008823D1F3B601C701FBDE8823A9F3D2956B
:1040E000DF7080E0D817C1F2E7ECF0E03197F1F72C
:1040F00000C000008F5FF6CFFAE6FA95F1F700C036
:1041000001968C179D07C4F322E0E20EF11C82E0B9
:10411000C80ED11CEA14FB0474F281E0DF91CF9148
:104120000F91FF90EF90DF90CF90BF90AF900895E8
:1041300080E090E0E6CF982F80917D248823E1F005
:104140009923D9F090E29093450690E86623C9F050
:10415000909345069091762491110EC02091792478
:1041600030917A24232B29F49091C0089F7B90935F
:10417000C00891E090937624089590E290934606CB
:10418000E4CF90934606E6CFD6DF882331F08091C6
:10419000480686FB882780F908958FEF089580915F
:1041A0007D248823D9F0809176248823B9F090E289
:1041B0009093450690917824992389F090E8909304
:1041C00045062091792430917A24232B29F490916B
:1041D000C00890649093C00810927624089590E8E7
:1041E00090934606EECF6F927F928F929F92AF92FE
:1041F000BF92CF92DF92EF92FF920F931F93CF93D4
:10420000DF93782FFA01A90180917D24882309F496
:1042100064C080917624882309F45FC0972F92951B
:104220009F70872E86948694272F2270722E272FB8
:10423000229526952695237077FF05C02230A1F0A0
:1042400020E22093450691FF22C0917020917824AE
:10425000222311F021E09227992351F090E89093C6
:10426000450620E030E00CC020E220934606EBCF6C
:1042700090E890934606F5CF000000002F5F3F4F77
:10428000A0917924B0917A242A173B07A8F320E063
:1042900030E0A62FB0E008C0CFE3DFE12197F1F7CF
:1042A00000C000002F5F3F4F2A173B07A8F39A0179
:1042B000220F331F2E0F3F1F48E0A42EB12C99244C
:1042C000939490E840E2E217F307B0F081FE05C056
:1042D00090E280FEFBC090934506DF91CF911F9145
:1042E0000F91FF90EF90DF90CF90BF90AF909F9095
:1042F0008F907F906F900895508157705F5FC52FAA
:10430000D0E0583049F05181D501AC1BBD0B01C044
:10431000550FAA95EAF75183772031F051E0DF017C
:104320001296A217B30708F450E0A0E0B0E07E01B7
:1043300061E0E61AF108552321F061E0EA16FB0678
:1043400009F060E061706180062D10E0000F111F20
:1043500001831091782400917724002309F45EC032
:10436000111105C09093450600E010E007C090933E
:104370004606FACF000000000F5F1F4FC09079245F
:10438000D0907A240C151D05A8F367FE0DC040934C
:10439000450610917824611127C0112341F09093B4
:1043A000450600E010E00AC040934606F2CF909325
:1043B0004606F7CF000000000F5F1F4FC090792422
:1043C000D0907A240C151D05A8F31091480616FB11
:1043D000112710F96181612B61831196AC17BD071C
:1043E0000CF4A9CF32966FCF672F61701111692538
:1043F000662329F09093450600E010E007C09093F3
:104400004606FACF000000000F5F1F4FC0907924CE
:10441000D0907A240C151D05A8F3D7CF67FE09C0EC
:1044200040934506112341F09093460600E010E0CA
:104430000AC040934606F6CF90934506F7CF00009A
:1044400000000F5F1F4FC0907924D0907A240C1584
:104450001D05A8F30091480606FB002700F911810D
:10446000102B118310917824611116C0112329F0AB
:104470009093450600E010E007C090934606FACFFF
:10448000000000000F5F1F4FC0907924D0907A2465
:104490000C151D05A8F3A1CF672F617011116925B7
:1044A000662329F09093450600E010E007C0909342
:1044B0004606FACF000000000F5F1F4FC09079241E
:1044C000D0907A240C151D05A8F387CF909346064B
:1044D00004CF90917D24992309F469C090917624AA
:1044E000992309F464C0813009F03FC080E18093D2
:1044F000450690E29093460690E8909346062FEF8B
:1045000031EE94E0215030409040E1F700C00000CF
:1045100080934606EFEFFCE73197F1F700C000000B
:1045200080934506FAE6FA95F1F700C080934606B7
:104530008FEF9CE70197F1F700C0000088E390E05F
:1045400020E820934506EAE6EA95F1F700C02093BB
:104550004606FAE6FA95F1F700C00197009789F749
:1045600080917C2491E089270895823001F580E1D3
:10457000809346062FEF39EF90E021503040904075
:10458000E1F700C0000080934506EFEEFAE03197B6
:10459000F1F700C0000080934606FFEF29EF30E0FE
:1045A000F15020403040E1F700C00000D9CF8FEF3C
:1045B0000895CF92DF92EF92FF92CF936B017C012F
:1045C000C42F80917E2481113FC060E078E488EEA2
:1045D00091E0A7019601220F331F441F551F0E942F
:1045E000C159DA01C9010597A109B109B7FF33C063
:1045F000FF92EF92DF92CF9280E697E09F938F93A6
:1046000081E797E09F938F9382E08F930E94F01948
:104610008DB79EB709968DBF9EBF80E090E0DC010C
:104620001092A0048093A50488E08093A1041092C6
:10463000A20481E08093A404C03168F1CFE0C0936C
:10464000482081E080937E2481E0CF91FF90EF901D
:10465000DF90CF9008958F3F9105A105B10501F33B
:10466000FCF2FF92EF92DF92CF9280E697E09F9369
:104670008F9381E197E09F938F9382E08F930E94C5
:10468000F0198DB79EB709968DBF9EBF8FEF90E052
:10469000A0E0B0E0C5CFC111D2CFC1E0D0CF8091B2
:1046A0007E24882339F08091A104877F8093A10420
:1046B00010927E24089580917E240895AF92BF9237
:1046C000CF92DF92EF92FF920F931F93CF93DF93DE
:1046D000F62EE72E8A01C22ED0907E24D1100DC076
:1046E000D12C8D2DDF91CF911F910F91FF90EF90E5
:1046F000DF90CF90BF90AF9008954130524084F743
:10470000682F660F4091482080EA94E00E94655926
:10471000A12CB12C8111E4CFA016B10634F0CC202D
:1047200001F387E08093A304DCCFCF2DDE2D6991C8
:1047300080EA94E00E948D598FEFA81AB80AFC2EE7
:10474000ED2EEACFAF92BF92CF92DF92EF92FF921F
:104750000F931F93CF93DF936B01EA01E22EF0904A
:104760007E24F1100DC0F12C8F2DDF91CF911F9180
:104770000F91FF90EF90DF90CF90BF90AF90089592
:104780004130524084F7880F682F61604091482083
:1047900080EA94E00E9465598111E5CF00E010E0C5
:1047A0005E0181E0A81AB1080C171D0734F0EE2055
:1047B000D9F287E08093A304D7CF41E0A016B106D9
:1047C00009F040E0B601600F711F80EA94E00E949A
:1047D0009E590F5F1F4FE8CFFF920F931F93CF9308
:1047E000DF93D0917E24DD23D9F08C01C0E087E0F7
:1047F000F82EA8956C2F660F61604091482080EAE2
:1048000094E00E946559811112C0F092A30481E0E6
:10481000F80181938F010E944E53CF5FC03849F752
:104820008D2FDF91CF911F910F91FF90089580E020
:10483000EFCFCF92DF92EF92FF921F93CF93DF9350
:104840006B017C01C42F122FD0917E24DD2341F116
:1048500060E078E488EE91E0A7019601220F331F13
:10486000441F551F0E94C159DA01C9010597A109CA
:10487000B109B7FF1FC0FF92EF92DF92CF9280ED98
:1048800096E09F938F9388EE96E09F938F9381E0BD
:104890008F930E94F0198DB79EB709968DBF9EBF6A
:1048A000D0E08D2FDF91CF911F91FF90EF90DF909F
:1048B000CF9008958F3F9105A105B105B9F0B4F0EF
:1048C000FF92EF92DF92CF9280ED96E09F938F93CD
:1048D00088EA96E09F938F9381E08F930E94F0196E
:1048E0008DB79EB709968DBF9EBFDACFF090A50415
:1048F0008093A5046C2F660F4091482080EA94E0D5
:104900000E946559811108C0612F80EA94E00E94DD
:104910008D5987E08093A304F092A504C2CFCF9273
:10492000DF92EF92FF920F931F93CF93DF936B0170
:104930007C01C42F8901D0917E24DD2341F160E008
:1049400078E488EE91E0A7019601220F331F441FFF
:10495000551F0E94C159DA01C9010597A109B10982
:10496000B7FF20C0FF92EF92DF92CF9281E996E0ED
:104970009F938F9388EE96E09F938F9381E08F9320
:104980000E94F0198DB79EB709968DBF9EBFD0E0EB
:104990008D2FDF91CF911F910F91FF90EF90DF90BE
:1049A000CF9008958F3F9105A105B105B9F0B4F0FE
:1049B000FF92EF92DF92CF9281E996E09F938F93DF
:1049C00088EA96E09F938F9381E08F930E94F0197D
:1049D0008DB79EB709968DBF9EBFD9CFF090A50425
:1049E0008093A5046C2F660F61604091482080EA97
:1049F00094E00E946559811109C041E0B80180EA44
:104A000094E00E949E5987E08093A304F092A5044D
:104A1000BFCF90918124911124C08093802488235A
:104A200011F180915406877C80618093540680E167
:104A3000809346068091712281110DC0809173226E
:104A4000811103C092E0909325068F5F80937322BB
:104A500081E08093712280E18093410681E0809320
:104A6000812481E0089580915406877C8861809339
:104A7000540680E180934506DDCF80918124882310
:104A8000D1F080E18093420680915406877C809328
:104A9000540680917122882361F0809173228150A5
:104AA00080937322811103C082E0809326061092C6
:104AB000712210928124089580918124089580911B
:104AC0008124882351F090918024992339F090E13A
:104AD0009093450691E090937F24089590E1909300
:104AE0004606F8CF80918124882349F09091802454
:104AF000992331F090E19093460610927F24089517
:104B000090E190934506F9CF80917F24089590918C
:104B1000A3099F7C9093A3099091A409977E9093F9
:104B2000A40990918A24992381F0811104C0809175
:104B3000882481110AC0809171068F7B8093710651
:104B40008091A5098F7B8093A50910928B240895ED
:104B5000CF92DF92EF92FF92CF93DF9300D00F922C
:104B6000CDB7DEB76B017C0180918A24882309F4DC
:104B700070C081E0C81684E2D80684EFE806F1042C
:104B8000A0F0FF92EF92DF926F938FED97E09F93EB
:104B90008F9380E598E09F938F9381E08F930E949D
:104BA000F019CDBFDEBF80E04AC0D701C601985BD7
:104BB000A741BE4F89839A83AB83BC83BC01CD01DF
:104BC000A7019601220F331F441F551F0E94C15990
:104BD00021503109211590E1390758F0FF92EF92E9
:104BE000DF92CF928FED97E09F938F9388E198E0CB
:104BF000D2CFF8948091A4098B7F8093A40930933D
:104C0000A7092093A6097894C0924E20D0924F20F5
:104C1000E0925020F0925120FF92EF92DF92CF92DB
:104C20008FED97E09F938F938DEF97E09F938F93F6
:104C300084E08F930E94F019CDBFDEBF81E02496FF
:104C4000CDBFDEBFDF91CF91FF90EF90DF90CF908F
:104C5000089591E0C91699E0D9069DE3E906F104AB
:104C600038F0FF92EF92DF926F9381EC97E08FCF55
:104C7000C701B6010E94541861110BC0711123C005
:104C8000811121C0FF92EF92DF92CF9281EC97E0E9
:104C9000ABCFF8949091A40994609093A409709379
:104CA000A7098093A6097894C0924E20D0924F20F5
:104CB000E0925020F0925120FF92EF92DF92CF923B
:104CC00081EC97E0AFCFF8949091A4099B7FE5CF5A
:104CD000CF93DF9300D00F920F92CDB7DEB7209124
:104CE0008B242D832111AAC0209184243091852406
:104CF000232B09F4A5C0862B80938A2460938824F3
:104D00001092862480914A2090914B20A0914C20B3
:104D1000B0914D2089839A83AB83BC83BC01CD01C4
:104D200017DF882309F48CC020918A248091832482
:104D300090918224892B90914920892B8F73922FF7
:104D40009295990F990F907C892B8093A50980915A
:104D5000A30980628093A309222309F44EC08091A5
:104D60008824882309F473C080917306877C80614E
:104D70008093730688E0809366068093250680936F
:104D8000610680917106877C88618093710692E04C
:104D9000909365068091722281110CC080917322DC
:104DA000811102C0909325068F5F8093732281E06A
:104DB0008093722282E0809361069FEFADEBBAE0B0
:104DC0009150A040B040E1F700C0000088E080931F
:104DD00065062AE02A95F1F700C08091A509806454
:104DE0008093A509809171068064809371068FE796
:104DF0009EE30197F1F700C000008091882488238A
:104E000009F444C08091A40980618093A40998E0CA
:104E10009093620680917306877C809373069093CB
:104E2000260684E08093620691E090938B24109292
:104E300089248091882489278093872491E09D8309
:104E40008D812596CDBFDEBFDF91CF9108958091F2
:104E5000A50980648093A509809171068064809380
:104E600071068091722281110DC08091732281118F
:104E700003C092E0909325068F5F8093732281E0B8
:104E80008093722282E080936106B7CF8091A4095B
:104E900088618093A40988E0809325068093610649
:104EA000C0CF80918824882391F080917306877CFD
:104EB00088618093730688E080936506809171060F
:104EC000877C80618093710682E08093660681E032
:104ED0001EDE80918824882349F02FEF83EC99E02F
:104EE000215080409040E1F700C0000098E090938E
:104EF000620680917306877C8093730690932606E2
:104F000092E09093620680917106877C809371068F
:104F100080917222882359F080917322815080936E
:104F20007322811102C09093260610927222089576
:104F3000CF93DF9300D00F92CDB7DEB78091882456
:104F4000811112C080917306877C886180937306FB
:104F500088E08093650680917106877C80618093EC
:104F6000710682E08093660680E0D1DD80914A2060
:104F700090914B20A0914C20B0914D2089839A8331
:104F8000AB83BC83BC01CD01E3DD811117C08091EF
:104F90004E2090914F20A0915020B09151208983B4
:104FA0009A83AB83BC8380934A2090934B20A09339
:104FB0004C20B0934D20BC01CD01CADD20918A2444
:104FC0008091832490918224892B90914920892B70
:104FD0008F73922F9295990F990F907C892B8093C4
:104FE000A5098091A30980628093A309222389F0F7
:104FF0008091882481110DC08091A50980648093DF
:10500000A5098091710680648093710682E0809387
:105010006106809188249091A4098823B9F0906159
:105020009093A40998E09093620694E090936206AE
:1050300091E090938B241092892489278093872470
:105040002496CDBFDEBFDF91CF91089598619093F4
:10505000A40998E090936106E8CF1F921FB61F92B3
:1050600011242F9328B72F9318BE29B72F9319BE59
:105070002BB72F931BBE3F934F935F938F939F93B9
:10508000AF93BF93EF93FF93E0918424F091852435
:10509000309769F18091A0099091DC27943039F51F
:1050A0009FB7F894228533859FBF4085518542176D
:1050B0005307E9F0E0918424F0918524A081B18127
:1050C0008C938081918101968083918326813781A1
:1050D0008217930721F484819581808391832FB770
:1050E000F894828593850196828793872FBFFF91DD
:1050F000EF91BF91AF919F918F915F914F913F91B0
:105100002F912BBF2F9129BF2F9128BF2F911F9037
:105110001FBE1F9018958093842490938524089532
:1051200081E02091842430918524232B09F480E0B0
:10513000089580918B24089580918A240895609326
:105140004A2070934B2080934C2090934D200895DB
:105150008093832408958093822408958093492026
:1051600008959091A10995FFFCCF8093A0098091AB
:105170008624882371F1815080938624811129C06F
:105180008091A10985FFFCCF8091A10986FFFCCF0A
:105190008091A10980648093A10987EC90E0019738
:1051A000F1F700C0000098E09093620680917306CA
:1051B000877C80937306909326068091A409877F4D
:1051C0008093A4098091A10980648093A109109221
:1051D0008724089580918B24882389F180918924E4
:1051E00081112DC08091A10985FD0DC08091A1097B
:1051F00085FFFCCF8091A10986FFFCCF8091A1099A
:1052000080648093A10980917306877C806180937C
:10521000730688E080936606809325068093610676
:105220009091A409977F9093A4099091A10990640B
:105230009093A1098093610681E080938924089569
:1052400080918B24882349F190918924992329F115
:1052500080917306877C88618093730688E08093D1
:105260006506809325068093610620918824222379
:10527000A9F0EFE3FFE13197F1F700C00000809360
:10528000620690917306977C90937306809326062E
:1052900090E0909387241092892408958091A40926
:1052A00088608093A409F5CF80918B248823F9F03E
:1052B0008091872481111BC080917306877C88614F
:1052C0008093730688E0809365068093250680931B
:1052D00061068091A40988608093A4098091A10946
:1052E00085FFFCCF81E08093872410928624089567
:1052F00080918B24882359F180918724882339F168
:105300008091A10985FD0DC08091A10985FFFCCF89
:105310008091A10986FFFCCF8091A10980648093D0
:10532000A10998E09093620680917306877C809330
:105330007306909326068091A409877F8093A40921
:105340008091A10980648093A10910928724089517
:1053500090918B24992329F0909187249111809327
:105360008624089560E080E0B3CC80918B24811185
:1053700098CD089580918B248111DACD089560E055
:1053800081E0A6CC61E081E0A3CC80918B248111E7
:1053900088CD089580918B248111CACD08952F92D4
:1053A0003F924F925F926F927F928F929F92AF92B5
:1053B000BF92CF92DF92EF92FF920F931F93CF9302
:1053C000DF93CDB7DEB72897CDBFDEBF382E262EB0
:1053D000842F2D83398390918F249111D8C019DBAC
:1053E000882309F4D5C07EDB80915506877C8061D7
:1053F0008093550690E29093460680915706877CED
:1054000080618093570680E88093460680E480930D
:10541000420681E080936506909341068091702258
:1054200081110DC080917322811103C092E090938D
:1054300025068F5F8093732281E08093702280E83D
:1054400080934106C801AD81B981813F0CE9900785
:1054500009E0A007B10508F4B1C080EF9CE9A9E01C
:10546000B0E09C01AD012B5F3F4F4F4F5F4F298351
:105470003A834B835C83CA01B9012AE030E040E003
:1054800050E00E94C15949015A014FE159E060E0E2
:1054900070E0FA010591159125913491CB016F5F70
:1054A0007F4F4C5F5F4FFA01C590D590E590F49027
:1054B000081519052A053B050CF48BC08C149D04B6
:1054C000AE04BF040CF485C0880F991FFC01E9509D
:1054D000F74F459154914D835E838750974FFC0160
:1054E000A591B491280139014C185D086E087F0818
:1054F000A9019801281939094A095B090E94FF5935
:1055000069837A838B839C83A50194012C193D09BF
:105510004E095F09AD81BE810E94FF598B019C013C
:1055200089819A81AB81BC81800F911FA21FB31F1B
:10553000B301A20175956795579547958C019D011B
:10554000040F151F261F371F09831A832B833C83E3
:10555000C901B801A30192010E94E359209352208E
:105560003093532081E012E0311280E080938E244A
:1055700081E023E0321280E080938D2481E0821567
:1055800008F080E080938C2481E080938F2481E078
:105590002896CDBFDEBFDF91CF911F910F91FF9075
:1055A000EF90DF90CF90BF90AF909F908F907F90C3
:1055B0006F905F904F903F902F900895883C910599
:1055C000A105B10508F04DCF88EC90E0A0E0B0E077
:1055D00048CF429709F05DCFC5CF80918F248823B3
:1055E00049F14BDA80E48093420680E280934206E0
:1055F00080915506877C8093550681E080936606EE
:1056000080E88093420680915706877C80935706F6
:1056100080917022882361F0809173228150809361
:105620007322811103C082E08093260610927022BB
:1056300010928F24089580918F24089580918F2453
:1056400081113DCA80E0089580918F2481114ACA5A
:1056500080E00895CF93DF93C82FD62F80918F24B9
:10566000811104C080E0DF91CF9108954DDA882345
:10567000C9F390E2DD2339F19093450690E040E8CC
:105680005FEF9C1781F340934606209152203091A2
:1056900053202F3F310509F0C8F42115310511F0D1
:1056A0002A95F1F7409345062091522030915320DE
:1056B0002F3F310509F080F42115310511F02A95AD
:1056C000F1F79F5FDECF90934606D8CF652F6A959E
:1056D000F1F72F5F3109DDCF652F6A95F1F72F5F65
:1056E0003109E6CFCF92DF92EF92FF920F931F9393
:1056F000CF93DF93F82E092FEB0180918F24811136
:105700000AC080E0DF91CF911F910F91FF90EF9041
:10571000DF90CF900895F8D9882399F3A0918D2434
:1057200010918E24B0918C24EF2DF02F60E070E06A
:1057300090E830E22FEF01E06C177D071CF79093A3
:1057400046063093460640915220509153204F3FD9
:10575000510511F008F0B7C04115510511F04A95F7
:10576000F1F79093450640915220509153204F3FBE
:10577000510511F008F0ADC04115510511F04A95E1
:10578000F1F7D19048E0E42EF12C4D2D4170F42634
:10579000D69490934606442309F4A1C0309345065D
:1057A00040915220509153204F3F510511F008F085
:1057B00099C04115510511F04A95F1F790934506AE
:1057C00040915220509153204F3F510511F008F065
:1057D0008FC04115510511F04A95F1F7EA94E11097
:1057E000D4CFA1118BC0112329F190934606FF203D
:1057F00009F486C0309345064091522050915320C1
:105800004F3F510511F008F07EC04115510511F0D0
:105810004A95F1F7909345064091522050915320BC
:105820004F3F510511F008F074C04115510511F0BA
:105830004A95F1F7909346063093450640915220E1
:10584000509153204F3F510511F008F068C04115A9
:10585000510511F04A95F1F7909345064091522079
:10586000509153204F3F510511F008F05EC0411593
:10587000510511F04A95F1F7BB2311F190934606BB
:105880003093450640915220509153204F3F51058F
:1058900011F008F050C04115510511F04A95F1F78B
:1058A0009093450640915220509153204F3F51050F
:1058B00011F008F046C04115510511F04A95F1F775
:1058C0006F5F7F4F39CFF22EFA94F1F74F5F510996
:1058D0003ECFF22EFA94F1F74F5F510948CF309343
:1058E00046065ECFC22ECA94F1F74F5F51095CCFD6
:1058F000C22ECA94F1F74F5F510966CFF02675CFDB
:105900003093460679CFF22EFA94F1F74F5F5109A2
:1059100077CFF22EFA94F1F74F5F510981CFF22E33
:10592000FA94F1F74F5F51098DCFF22EFA94F1F707
:105930004F5F510997CFF22EFA94F1F74F5F51095B
:10594000A5CFF22EFA94F1F74F5F5109AFCF4F92E6
:105950005F926F927F92BF92CF92DF92EF92FF920F
:105960000F931F93CF93DF9300D000D0CDB7DEB756
:105970007C018B0180918F24882309F45CC0C4D8FA
:10598000D82E882309F457C0ED82FE82E12CF12C39
:1059900080E8C82EBB24BA94E016F1060CF04CC087
:1059A0000E944A172B013C01C0924606809152206A
:1059B000909153208F3F910511F008F04FC0009750
:1059C00011F08A95F1F7C09245068091522090918E
:1059D00053208F3F910511F008F046C0009711F059
:1059E0008A95F1F7809148068074882309F442C0B3
:1059F0000E944A1769837A838B839C83DC01CB01E5
:105A000084199509A609B709893E9340A105B105F6
:105A100008F4CACF81EC98E09F938F9380ED98E0D3
:105A20009F938F9381E08F930E94F0190F900F90B6
:105A30000F900F900F90D12C8D2D2696CDBFDEBFED
:105A4000DF91CF911F910F91FF90EF90DF90CF905A
:105A5000BF907F906F905F904F9008952B2D2A9567
:105A6000F1F78F5F9109A6CF2B2D2A95F1F78F5F64
:105A70009109AFCF58E040E060E87FEF60934606C1
:105A800020915220309153202F3F310511F008F022
:105A900065C02115310511F02A95F1F7609345068F
:105AA00020915220309153202F3F310511F008F002
:105AB0005BC02115310511F02A95F1F79091480648
:105AC000907421E0911101C020E0869591118068C9
:105AD000422751505111D2CFED81FE818193ED8348
:105AE000FE8320918D2480918E24811103C0222376
:105AF00009F44CC080E88093460680915220909132
:105B000053205FEF8F3F910511F008F033C00097ED
:105B100011F08A95F1F780E8809345068091522034
:105B2000909153205FEF8F3F910511F008F028C04E
:105B3000009711F08A95F1F78091480686FB882737
:105B400080F9222311F091E049274817F9F081EC00
:105B500098E09F938F9381EB98E062CF972F9A956F
:105B6000F1F72F5F310990CF972F9A95F1F72F5FBB
:105B700031099ACF352F3A95F1F78F5F9109C2CF4E
:105B8000352F3A95F1F78F5F9109CDCF80E880935B
:105B9000460680915220909153203FEF8F3F910510
:105BA00009F000F5009711F08A95F1F780E88093ED
:105BB000450620915220309153209FEF2F3F310511
:105BC00009F0B0F42115310511F02A95F1F7809113
:105BD000480686FD13C081EC98E09F938F938DE972
:105BE00098E01ECF232F2A95F1F78F5F9109D6CF2A
:105BF000892F8A95F1F72F5F3109E0CF80918C24AE
:105C0000882309F439C080E8809346062091522009
:105C1000309153209FEF2F3F310509F008F52115F2
:105C2000310511F02A95F1F780E88093450620911F
:105C30005220309153209FEF2F3F310509F0B0F4EF
:105C40002115310511F02A95F1F78091480686FD5E
:105C500013C081EC98E09F938F9389E898E0E0CEA1
:105C6000892F8A95F1F72F5F3109D5CF892F8A9532
:105C7000F1F72F5F3109E0CFFFEFEF1AFF0A8CCE6B
:105C80001F93262F2150330BA90121E030E002C0E1
:105C9000220F331F4A95E2F7002491E08D980F936D
:105CA00004E10A95F1F70F918D9A00C000C0000041
:105CB000A895182F122371F08D98092600C000C0F6
:105CC0000000A89500008D9A0F9301E10A95F1F765
:105CD0000F910BC08D980F9304E10A95F1F70F9186
:105CE0008D9A00C000C00000A895880F6A9509F73A
:105CF00000FE0EC08D9800C000C00000A8950000F6
:105D000000008D9A0F930CE00A95F1F70F9107C0F0
:105D10008D980F9304E10A95F1F70F918D9A96995A
:105D2000FECF882700C000C00000A895969B01C048
:105D300081E0969BFECF1F9108950F931F93CF9301
:105D4000DF93C82F8B01D42F68E09ADF8C2F4D2F63
:105D5000F80191E055270F930FEF0A95F1F70F9196
:105D60000F930FEF0A95F1F70F918D980F9304E1C0
:105D70000A95F1F70F918D9A00C000C00000A89518
:105D800000C09699FECF002428E0882700C000C0FC
:105D90000000A895969B20C001C0000C9699FECFEC
:105DA000332700C0969904C03395383018F4F9CFE2
:105DB000092A89272A9589F79699FECF00C000C045
:105DC0000000A895969B03C0882331F019C0882352
:105DD00019F4969BFECF14C053955031C0F50F9324
:105DE00001E40A95F1F70F918D980F9304E10A955C
:105DF000F1F70F918D9A00C000C00000A895C1CFA7
:105E000001924A9591F055270F9306E00A95F1F714
:105E10000F918D9800C000C00000A89500008D9AD9
:105E200000C000C00000A895ACCF0F9306E00A9513
:105E3000F1F70F918D9800C000C00000A8950000F8
:105E40008D9A00C000C00000A89581E001C088279D
:105E5000DF91CF911F910F910895FF920F931F93A0
:105E6000CF93DF93F0909024F11030C18091B20075
:105E7000807F82608093B20041E060E080E00E9419
:105E8000931D882309F424C1C0E2C0934506809184
:105E9000C0088F7B8093C0088091C0088C77816890
:105EA0008093C0088FE193E00197F1F700C00000F4
:105EB0000E94A51E9FEF23EC89E091502040804076
:105EC000E1F700C00000F894C09345069AEA9A955D
:105ED000F1F700C0C09346062AEA2A95F1F700C000
:105EE000C09345068FE99FE00197F1F700C00000DD
:105EF000C09346068FE99FE00197F1F700C00000CC
:105F0000C09345068FE99FE00197F1F700C00000BC
:105F1000C09346068FE99FE00197F1F700C00000AB
:105F2000C09345068FE99FE00197F1F700C000009C
:105F3000C09346068FE99FE00197F1F700C000008B
:105F4000C09345068FE99FE00197F1F700C000007C
:105F5000C09346068FE99FE00197F1F700C000006B
:105F6000C09345068FEC97E00197F1F700C0000061
:105F7000C09346068FEC97E00197F1F700C0000050
:105F8000C09345068FEC97E00197F1F700C0000041
:105F9000C09346068FEC97E00197F1F700C0000030
:105FA000C09345068FEC97E00197F1F700C0000021
:105FB000C09346068FEC97E00197F1F700C0000010
:105FC000C09345068FEC97E00197F1F700C0000001
:105FD000C09346068FEC97E00197F1F700C00000F0
:105FE000C093450600C000C000C000C000E010E043
:105FF0008091480686FD73C0C0E0D0E080914806DD
:1060000086FF77C080E2809345062AE02A95F1F763
:1060100000C063E082E034DE882309F46FC068E0EA
:1060200081E02EDE882309F469C068E080E028DE84
:10603000882309F463C068E08FE722DE882309F42F
:106040005DC068E080E81CDE882309F457C068E082
:1060500080EA16DE882309F451C08091C00880646C
:106060008093C00878941F928AE58F931F928EE1E7
:106070008F93DF93CF931F930F9385E899E09F93BE
:106080008F9387E999E09F938F9388E08F930E9485
:10609000F0198DB79EB70D968DBF9EBFCE014E975E
:1060A000CD9760F58FE193E00197F1F700C0000014
:1060B0000E94B51E9FEF23EC89E091502040804064
:1060C000E1F700C0000081E080939024FF24F39466
:1060D0008F2DDF91CF911F910F91FF9008950F5F4A
:1060E0001F4F053F91E0190709F082CFC0E0D0E0D3
:1060F00005C02196CB3FD10509F080CF1F928AE5DC
:106100008F931F928EE18F93DF93CF931F930F9303
:1061100085E899E09F938F9387E999E09F938F9308
:1061200081E08F930E94F01978940E94151E8DB71C
:106130009EB70D968DBF9EBFCBCF809190248823B4
:1061400021F00E94151E10929024089580919024B1
:106150000895CF9380919024882309F451C0F89436
:1061600090E2909345068091C0088F7B8093C00891
:106170008091C0088C7781688093C0089093460610
:10618000EFEBF0E03197F1F700C000009093450687
:1061900000C000C000C000C080E0C0914806C074CC
:1061A000C11131C09091480696FF33C000C000C0B5
:1061B00000C000C09091C00890649093C00878948B
:1061C0001F929AE59F931F929EE19F931F92CF93F8
:1061D0001F928F938FE699E09F938F9387E999E0C1
:1061E0009F938F9388E08F930E94F019CE5181E0A6
:1061F0002DB73EB7235F3F4F2DBF3EBFCD3308F0D5
:1062000080E0CF9108958F5F893C09F0C6CFC0E050
:1062100004C0CF5FC93C09F0C5CF1F929AE59F9398
:106220001F929EE19F931F92CF931F928F938FE6B1
:1062300099E09F938F9387E999E09F938F9381E0F3
:106240008F930E94F01978948091C00880648093A5
:10625000C0088DB79EB70D968DBF9EBFD1CFCF938F
:1062600080E2809345068091C0088F7B8093C008B0
:106270008091C0088C7781688093C00888ED91E098
:1062800084BF909381008091820080FDFCCF88EDD7
:1062900023E130E084BF209380008091820080FD64
:1062A000FCCFA8950E94C817F89463E080E0E8DC72
:1062B000C82F7894A89588ED91E084BF90938000D2
:1062C0008091820080FDFCCF0E94CF178091C00892
:1062D00080648093C008C11101C03BDF81E0C1111F
:1062E00001C080E0CF910895DF92EF92FF920F936B
:1062F0001F93CF93DF93F82E192FEB01D42EE22EAC
:106300006F3F710511F00CF06EC080E2809345067E
:106310008091C0088F7B8093C0083091C0083C7783
:1063200031683093C00888ED91E084BF909381007C
:106330008091820080FDFCCF88ED23E130E084BFB6
:10634000209380008091820080FDFCCFA8950E9460
:10635000C817F89463E081E093DC882389F168E052
:106360008C2F8EDC882361F168E08D2D89DC8823F9
:1063700039F168E08E2D84DC882311F14C2F6F2DCC
:10638000712F802FDADC8823D9F07894A89588EDD6
:1063900091E084BF909380008091820080FDFCCFCB
:1063A0000E94CF178091C00880648093C00881E06C
:1063B000DF91CF911F910F91FF90EF90DF900895A3
:1063C0007894A89588ED91E084BF909380008091A7
:1063D000820080FDFCCF0E94CF178091C0088064AE
:1063E0008093C008B6DE80E0E3CFDF92EF92FF92A9
:1063F0000F931F93CF93DF937C01EB01D42E122FC9
:106400006F3F710511F00CF086C080E28093450665
:106410008091C0088F7B8093C0089091C0089C77C2
:1064200091689093C00888ED91E084BF90938100BB
:106430008091820080FDFCCF88ED23E130E084BFB5
:10644000209380008091820080FDFCCFA8950E945F
:10645000C817F89463E082E013DC882309F448C08D
:1064600068E08C2F0DDC882309F442C068E08D2D94
:1064700007DC882309F43CC068E0812F01DC882315
:1064800009F436C068E0802FFBDB882389F178941B
:10649000CE0DDF1DEC16FD06D1F4A89588ED91E038
:1064A00084BF909380008091820080FDFCCF0E9489
:1064B000CF178091C00880648093C00881E0DF918D
:1064C000CF911F910F91FF90EF90DF900895F89476
:1064D00018E0115028F47894FFEFEF1AFF0ADACF92
:1064E00068E0F7018081CCDB882399F31111F3CFA9
:1064F0007894A89588ED91E084BF90938000809176
:10650000820080FDFCCF0E94CF178091C00880647C
:106510008093C0081EDE80E0D2CF80919324882330
:1065200031F00E94151E0E94C529109293240895EF
:1065300090919324911102C080E008950E94681EFA
:106540008823D1F39091C00890629093C008209165
:10655000792430917A242230310528F02093912437
:1065600030939224089542E050E040939124509358
:1065700092242115310579F490E8909346064091D4
:106580009124509192242417350730F09091C0083F
:106590009F7B9093C0080895000000002F5F3F4F3D
:1065A000EECF809193240895982F8091932488238F
:1065B000C9F0992371F090E19093450692E066232B
:1065C00061F09093650690E2442351F09093450664
:1065D000089590E190934606F1CF90936606F3CF2D
:1065E000909346060895CF93482FC0919324C111EC
:1065F00038C060E080E00E94931D882331F00E9443
:10660000BF29811105C00E94151E8C2FCF910895BE
:106610008091A3098F7C8093A3098091A409877E30
:106620008093A4098091A5098F7B8093A50980910F
:10663000C00880628093C0088091792490917A2468
:106640008230910580F0809391249093922488E089
:106650008093610641E061E081E0A6DF81E0809304
:106660009324C1E0D2CF22E030E0209391243093F4
:106670009224009761F720E8209346062091912408
:10668000309192248217930730F08091C0088F7B5D
:106690008093C008DCCF000000000196EFCF0F937D
:1066A000982F809193248823B1F19923B1F190E13F
:1066B0009093450692E06623A1F1909365062770BA
:1066C0002F5F90E2442381F19093450640E050E033
:1066D000E8E090E830E000FF2AC0E0936506909380
:1066E000450660E070E0A0919124B09192246A1771
:1066F0007B0700F19093460660E070E0A091912442
:10670000B09192246A177B07D0F006954F5F5F4FD8
:106710004217530704F30F91089590E190934606B2
:10672000C9CF90936606CBCF90934606CFCFE09328
:106730006606D5CF000000006F5F7F4FD4CF00000A
:1067400000006F5F7F4FDACFCF92DF92EF92FF9220
:106750000F931F93CF93DF93D82E362FC22EC801ED
:10676000B7011091932411110BC010E0812FDF911C
:10677000CF911F910F91FF90EF90DF90CF900895F0
:10678000311116C0EF2891F3411116C09B01215021
:106790003109EC01C20FD31FD110ABC02091792475
:1067A00030917A24232B09F4B9C00E94C51EDECF94
:1067B0004111DBCFEF28D1F228E02093650620E8D5
:1067C0002093450620E030E0E0919124F09192245E
:1067D0002E173F0708F44EC020E82093460620E01D
:1067E00030E0E0919124F09192242E173F0708F4B5
:1067F00046C0411149C028E02093660620E8209356
:10680000450620E030E040919124509192242417D5
:10681000350708F45FC020E82093460620E030E00A
:1068200040919124509192242417350708F457C0C1
:1068300028E02093660620E82093450620E030E01B
:1068400040919124509192242417350708F44CC0AC
:1068500020E82093460620E030E0409191245091BA
:1068600092242417350708F091CF000000002F5F15
:106870003F4FF3CF000000002F5F3F4FA5CF000038
:1068800000002F5F3F4FADCF28E02093650620E842
:106890002093450620E030E04091912450919224CD
:1068A0002417350790F020E82093460620E030E0DA
:1068B00040919124509192242417350708F09BCFE2
:1068C000000000002F5F3F4FF3CF000000002F5F5C
:1068D0003F4FE2CF000000002F5F3F4F94CF0000FA
:1068E00000002F5F3F4F9CCF000000002F5F3F4F05
:1068F000A7CF8C179D0748F4B901209179243091D6
:106900007A24232B59F00E94C51E2C2D277040E0BD
:1069100050E0622F70E030E2E0E853C02091C00800
:1069200020642093C0080E94681F882309F41DCFAB
:106930008091792490917A24009779F420E820932B
:10694000460620919124309192248217930740F0BB
:106950008091C0088F7B8093C008D110D6CF06CF1E
:10696000000000000196EDCF8881982F96959883BE
:1069700080FFA7C030934506E093450680E090E095
:10698000A0919124B09192248A179B0708F49CC08F
:106990008091480686FB882780F987958827879508
:1069A0009881892B8883E093460680E090E0A0914F
:1069B0009124B09192248A179B0708F489C04F5FF5
:1069C0005F4F4617570784F288E0809365068881F9
:1069D000982F9695988380FF7FC080E2809345062C
:1069E00080E88093450680E090E0409191245091AA
:1069F00092248417950708F473C08091480686FB9B
:106A0000882780F98795882787959881892B88839F
:106A100080E88093460680E090E040919124509178
:106A200092248417950708F45FC088E08093650678
:106A300080E88093450680E090E040919124509159
:106A400092248417950708F453C080E88093460683
:106A500080E090E040919124509192248417950712
:106A600008F44AC088E08093660680E88093450673
:106A700080E090E0409191245091922484179507F2
:106A800008F43EC080E88093460680E090E04091A4
:106A90009124509192248417950708F435C041E061
:106AA000420F273009F462CE888190E028E030E080
:106AB000241B310902C0959587952A95E2F78883B2
:106AC00055CE3093460658CF00000000019658CFAF
:106AD0000000000001966BCF80E28093460680CFD5
:106AE00000000000019681CF00000000019695CFC4
:106AF000000000000196A1CF000000000196AACF7F
:106B0000000000000196B6CF000000000196BFCF44
:106B1000AF92BF92CF92DF92EF92FF920F931F93AB
:106B2000CF93DF93B82E79019801A0909324A11000
:106B30000DC0A12C8A2DDF91CF911F910F91FF9055
:106B4000EF90DF90CF90BF90AF900895611166C035
:106B5000012B81F3411167C0220F331F8701020F00
:106B6000131F680182E0C81AD108E7012196E016D8
:106B7000F10600F7F7012081277091E0920FF2E013
:106B8000EF0EF11CBB2021F0CE14DF0408F421C16C
:106B9000983009F4DDC0492F50E020E030E070E289
:106BA00060E88881982F9695988380FF07C170933D
:106BB00045066093450680E090E0E0919124F091D5
:106BC00092248E179F0708F4FCC08091480686FB2C
:106BD000882780F98795882787959881892B8883CE
:106BE0006093460680E090E0E0919124F091922439
:106BF0008E179F0708F4E9C02F5F3F4F2417350712
:106C000084F2888190E028E030E0241B350B02C03C
:106C1000959587952A95E2F78883A5C0411189CF7C
:106C2000012B09F487CF88E08093650680E8809384
:106C3000450680E090E0609191247091922486173F
:106C4000970708F44DC080E88093460680E090E006
:106C500060919124709192248617970708F444C09C
:106C6000411146C088E08093660680E8809345061F
:106C700080E090E0409191245091922484179507F0
:106C800008F45AC080E88093460680E090E0409186
:106C90009124509192248417950708F451C088E0FC
:106CA0008093660680E88093450680E090E04091FE
:106CB0009124509192248417950708F445C080E8E8
:106CC0008093460680E090E0409191245091922478
:106CD0008417950708F040CF000000000196F4CF1C
:106CE000000000000196A7CF000000000196B0CF81
:106CF00088E08093650680E88093450680E090E018
:106D000040919124509192248417950788F080E84F
:106D10008093460680E090E0409191245091922427
:106D20008417950708F09ECF000000000196F4CF6D
:106D3000000000000196E4CF0000000001969ACF09
:106D4000000000000196A3CF000000000196AFCF25
:106D50008091792490917A24892B39F061E070E058
:106D6000CE010E94C51E229602CF8091C008806489
:106D70008093C00861E070E0CE010E94681F2091FE
:106D8000792430917A242115310579F490E8909393
:106D9000460640919124509192242417350748F0DB
:106DA0009091C0089F7B9093C008882309F4C1CEBE
:106DB000DACF000000002F5F3F4FEBCF7093460605
:106DC000F8CE000000000196F8CE00000000019609
:106DD0000BCF0E151F0509F0C6CF40E050E030E0A4
:106DE000A0E2B0E82DC08881682F6695688380FF97
:106DF000A5C0A0934506B093450660E070E0E09121
:106E00009124F09192246E177F0708F49AC0809124
:106E1000480686FB882780F98795882787956881AB
:106E2000862B8883B093460660E070E0E091912461
:106E3000F09192246E177F0708F488C04F5F5F4F70
:106E40004217530784F288E0809365068881282FD3
:106E50002695288380FF7FC080E28093450680E8E6
:106E60008093450620E030E0409191245091922497
:106E70002417350708F473C08091480686FB8827DD
:106E800080F98795882787952881822B888380E8D9
:106E90008093460620E030E0409191245091922466
:106EA0002417350708F460C088E08093650680E801
:106EB0008093450620E030E0409191245091922447
:106EC0002417350708F455C080E88093460620E073
:106ED00030E040919124509192242417350708F412
:106EE0004DC088E08093660680E88093450620E0E8
:106EF00030E040919124509192242417350708F4F2
:106F000042C080E88093460620E030E04091912422
:106F1000509192242417350708F43AC0983009F4A8
:106F200022CF288130E048E050E0491B510902C0DF
:106F3000359527954A95E2F7288315CFA093460605
:106F40005ACF000000006F5F7F4F59CF0000000054
:106F50006F5F7F4F6BCF80E28093460680CF00004B
:106F600000002F5F3F4F80CF000000002F5F3F4F9A
:106F700093CF000000002F5F3F4F9ECF0000000026
:106F80002F5F3F4FA6CF000000002F5F3F4FB1CFD4
:106F9000000000002F5F3F4FB9CF8FEF8093352562
:106FA0008FEF9FEF809333259093342510923125F6
:106FB000109232251092AB241092AC241092A92486
:106FC0001092AA241092A7241092A8241092A5240B
:106FD0001092A4241092A3241092A2241092A1240F
:106FE0001092A0240895FF920F931F93CF93DF93E5
:106FF000182FD92F8091A7249091A824009709F4E5
:1070000056C09F938F938FEA99E09F938F9386EC5E
:1070100099E09F938F9384E08F930E94F0198DB72E
:107020009EB707968DBF9EBF8091A7249091A824FC
:10703000C0E0009719F00E94185AC82F812F9D2F89
:107040000E94DE176FEF812F9D2F0E94BE576C2F7D
:10705000812F9D2F0E94BE57CC2319F100E02C2FC9
:1070600030E00023B1F1203431050CF02FE3215042
:10707000FF24FA94FC0EF21AE091A724F091A824C0
:10708000E00FF11D6491812F9D2F0E94BE57811149
:1070900004C0C1500F5FFC12EFCF0E946C17C111EA
:1070A0001DC0DF91CF911F910F91FF9076CF8FEA96
:1070B00099E09F938F938AEA99E09F938F9384E05E
:1070C0008F930E94F0190F900F900F900F900F90D8
:1070D000ABCF2E3331055CF22DE3C9CF812F9D2F2D
:1070E0000E94DE17BCCFE6E3F7E2A281B3818D9167
:1070F000A283B38326813781A217B30721F42481A9
:107100003581228333839FB7F894228533852150BC
:107110003109228733879FBF08952FB7F894809154
:107120004027909141272FBF0895CF93DF93C0EC64
:10713000D1E092E09A87E8E0F0E08491E9E0F0E0C5
:10714000E491E80FA5E9B4E2EC93EAE0F0E0849181
:10715000EBE0F0E0E491E80F1196EC931197ECE08E
:10716000F0E08491EDE0F0E0E491E80F1296EC930A
:107170001297E0E1F0E0E4911396EC931397E2E1CB
:10718000F0E08491E3E1F0E0E491E80F1496EC93F1
:107190001497E4E1F0E08491E5E1F0E0E491E80F98
:1071A0001596EC9315971A8616969C931697179634
:1071B0001C92179781E018968C93E6E3F7E22FB7BD
:1071C000F89482E497E2808391838283938384831B
:1071D000958382EC97E28683978380E890E08087AE
:1071E0009187128613862FBFDF91CF91D6CE6F92F3
:1071F0007F928F929F92AF92BF92CF92DF92EF9247
:10720000FF920F931F93CF93DF9300D00F920F92B3
:10721000CDB7DEB76C0186E397E27FDF20913E2792
:1072200030913F278217930769F0C6010E94795871
:1072300097FF5BC086E397E270DF892B09F43BC0C0
:107240000E946C17809135258F3F09F094C086E32A
:1072500097E263DF029708F48EC086E397E243DF8C
:107260008A3AA9F786E397E23EDF8983E82FF0E0C8
:10727000E954FD4DE491EF3F09F053C01F928F9305
:1072800083E892E29F938F9386E992E29F938F9394
:1072900081E08F930E94F0198FEF9FEF8093AB24D2
:1072A0009093AC2483E792E28093A7249093A82440
:1072B000CDBFDEBF1BC180913325909134251816B8
:1072C00019060CF4BFCF2596CDBFDEBFDF91CF915D
:1072D0001F910F91FF90EF90DF90CF90BF90AF90F4
:1072E0009F908F907F906F900895E6E3F7E2A081E2
:1072F000B1818C93808191810196808391832681D5
:1073000037818217930721F484819581808391834B
:107310002FB7F894828593850196828793872FBF34
:107320007ACF0E2F10E01F92EF931F9239813F9377
:1073300083E892E29F938F9381E392E29F938F93EE
:1073400088E08F930E94F01949814093352500937E
:1073500033251093342510923125109232250E9446
:107360004A1760932D2570932E2580932F25909397
:107370003025CDBFDEBF0091332510913425101686
:10738000110644F4809131259091322580179107A0
:107390000CF477C0209135252F3F09F494CF40910C
:1073A000312550913225809133259091342548170D
:1073B000590709F088CF2D3611F40C94AD4508F02B
:1073C00087C2223409F40CC708F04CC1213209F4F9
:1073D0009EC508F0E1C0283009F4ACC408F0B3C081
:1073E000223009F47CC408F094C021114BC483E816
:1073F00092E29F938F9382ED91E29F938F9388E027
:107400008F930E94F0190F900F900F900F900F9094
:107410008091AB249091AC2497FF56C467C08981BA
:107420009A810196809331259093322586E397E2E5
:107430005ADEA981BA81AA5CBA4D8C93FF24F394D9
:1074400086E397E26ADEE0913125F0913225E98307
:10745000FA83892BC1F0E017F1070CF35A815F938F
:1074600069816F9383E892E29F938F938EED91E20F
:107470009F938F9388E08F930E94F019CDBFDEBF5A
:1074800089CFF12CDDCF29813A812017310734F7DC
:10749000FF2051F00E944A1760932D2570932E25EE
:1074A00080932F25909330250E944A1769837A8311
:1074B0008B839C8380912D2590912E25A0912F2543
:1074C000B091302549815A816B817C81481B590BD1
:1074D0006A0B7B0B493C51056105710508F45ACFD5
:1074E00087E092E28093A7249093A824C601259672
:1074F000CDBFDEBFDF91CF911F910F91FF90EF9035
:10750000DF90CF90BF90AF909F908F907F906F90C3
:107510006ACD253009F4F6C31F922F9383E892E2D7
:107520009F938F9380EE99E09F938F9381E08F9349
:107530000E94F0198FEF9FEF8093AB249093AC24BF
:107540008CEC99E0B1CE2D3009F414C4203209F44A
:10755000BDC4293009F783E892E29F938F9381E5B8
:1075600091E29F938F9388E08F930E94F0190E947D
:107570004A1769837A838B839C83DC01CB01865015
:107580009F4FAF4FBF4F8093542090935520A093AF
:107590005620B093572037CF253209F415C5F8F49B
:1075A000233209F4CFC4243209F4E7C40E94A11B9A
:1075B0008093AD2421E030E02093AB243093AC24C1
:1075C0001F928F9383E892E29F938F9389ED90E2CD
:1075D0009F938F9388E08F930E94F019A8C3203463
:1075E00009F40FC5213409F4CBC5263209F094CF34
:1075F00040913625509137255427452754274983F4
:107600005A835F934F9366E5E62E60E2F62EFF9273
:10761000EF9203E812E21F930F9382E790E29F93A9
:107620008F9388E08F930E94F01989819A810E943C
:10763000D11CCDBFDEBF8111EBCEFF92EF921F9325
:107640000F9384E390E29F938F9381E08F930E9446
:10765000F0198FEF9FEF8093AB249093AC248AE1D5
:1076600090E222CE203509F455C608F084C02634B5
:1076700009F432C798F5243409F4DFC5253409F438
:10768000D7C60EE71DE11F930F9363E872E27F9365
:107690006F9386EC99E09F938F9388E08F930E947D
:1076A000F0190E94B51ECDBFDEBF8111B1CE1F9370
:1076B0000F93E3E8F2E2FF93EF9386EB9DE19F9354
:1076C0008F9381E08F930E94F0198FEF9FEF80934B
:1076D000AB249093AC248EE59DE1E6CD2A3409F4E9
:1076E000D6C728F588EB820F823008F015CF0DE35E
:1076F0001BE11F930F9323E832E23F932F9386EC15
:1077000099E09F938F93B8E0EB2EEF920E94F019CF
:107710000E94A21ECDBFDEBF811135C71F930F93FC
:1077200083E892E29F938F9383EF9DE147C52C34CA
:1077300009F0F2CE0AEC19E11F930F9323E832E22D
:107740003F932F9386EC99E09F938F93A8E0FA2EB6
:10775000FF920E94F0190E94A21ECDBFDEBF8111D0
:107760000C94CF431F930F9383E892E29F938F93E0
:1077700083EF9DE123C5263608F080C0243610F043
:107780000C94C744213611F40C945A4408F444C0B4
:107790008091A524882311F40C948C441F928F931C
:1077A00084EF98E19F938F9383E892E29F938F9366
:1077B00080EB9CE19F938F9388E08F930E94F01958
:1077C00021E080913525833609F420E04091A524FD
:1077D00050E066E375E28091A3240E945E23CDBF52
:1077E000DEBF811115CE84EF98E19F938F9383E8DC
:1077F00092E29F938F9381EA98E19F938F9381E028
:107800008F930E94F0198FEF9FEF8093AB2490939A
:10781000AC248DE898E148CD203609F07DCE0EE706
:1078200019E11F930F9323E832E23F932F9386ECE5
:1078300099E09F938F93F8E0FF2EFF920E94F0193A
:107840000E945B23CDBFDEBF882309F4DCC71F93F2
:107850000F9383E892E29F938F938CE89EE19F932E
:107860008F9381E08F930E94F0198FEF9FEF8093A9
:10787000AB249093AC2484E699E116CD2A3611F41A
:107880000C9429452C3611F40C945145293609F0F5
:1078900043CE0E945B231F928F9384E298E19F93D3
:1078A0008F9383E892E29F938F9380E09CE19F9374
:1078B0008F9388E08F930E94F0190E945B2380933E
:1078C000362581E090E08093A9249093AA242FC2CA
:1078D000243B11F40C94D74A08F0EFC0233A11F47A
:1078E0000C94AA4808F080C0263811F40C94034781
:1078F00008F03FC0243811F40C94AF46253811F439
:107900000C94D946203811F40C940546213809F01E
:1079100003CE88EE95E19F938F9383E892E29F9345
:107920008F9386EC99E09F938F9388E08F930E94CA
:10793000F0190E949928CDBFDEBF81110C94A34697
:1079400088EE95E19F938F9383E892E29F938F93C4
:1079500083EF9DE19F938F9381E08F930E94F019B5
:107960008FEF9FEF8093AB249093AC2481ED95E152
:107970009BCC213A11F40C94ED47223A11F40C946B
:107980002A48203A09F0C8CD03E115E11F930F936F
:1079900023E832E23F932F9386EC99E09F938F93F5
:1079A00048E0B42EBF920E94F0190E94D132CDBFA0
:1079B000DEBF882311F40C9461471F930F9383E873
:1079C00092E29F938F9388EE9FE19F938F9381E044
:1079D0008F930E94F0198FEF9FEF8093AB249093C9
:1079E000AC248DED94E160CC203B11F40C949049D3
:1079F00070F5253A11F40C942449263A11F40C94AC
:107A00004A49243A09F088CD8DE192E19F938F9302
:107A100083E892E29F938F9386EC99E09F938F93F4
:107A200088E08F930E94F0190E949928CDBFDEBF95
:107A300081110C941D498DE192E19F938F9383E80E
:107A400092E29F938F9383EF9DE10C940D48223B2C
:107A500011F40C94794A233B11F40C94A84A0EEAD1
:107A600010E11F930F93E3E8F2E2FF93EF9386ECAC
:107A700099E09F938F9388E08F930E94F0190E9462
:107A80001B2BCDBFDEBF81110C94754A1F930F9342
:107A900063E872E27F936F9383EF9DE19F938F93EF
:107AA00081E08F930E94F0198FEF9FEF8093AB24BA
:107AB0009093AC2487E990E1F7CB263D11F40C9428
:107AC000244D08F081C0213D11F40C94524C08F073
:107AD00043C0263B11F40C944E4B203D11F40C9402
:107AE000A34B253B09F018CD8091A52481110C945E
:107AF000184B809136251F928F930FEE1FE01F9336
:107B00000F9343E852E25F934F9389E49DE19F9383
:107B10008F9388E08F930E94F01980913625CDBF16
:107B2000DEBF811131C71F921F921F930F93E3E8AD
:107B3000F2E2FF93EF938CEF9CE19F938F9381E0B0
:107B40008F930E94F0198FEF9FEF8093AB24909357
:107B5000AC2487EB9FE0A8CB243D11F40C94864C19
:107B6000253D11F40C94B54C223D09F0D5CC09ED1E
:107B70001DE01F930F93A3E8B2E2BF93AF9386EC8F
:107B800099E09F938F9388E08F930E94F0190E9451
:107B9000A930CDBFDEBF81113BCC1F930F9343E8CB
:107BA00052E25F934F9386EB9DE19F938F9381E029
:107BB0008F930E94F0198FEF9FEF8093AB249093E7
:107BC000AC248CEB9DE070CB233F11F40C94C84E99
:107BD00050F5213F11F40C94424E223F11F40C94C5
:107BE000744E203F09F098CC0E94D132882311F4C2
:107BF0000C94C24D8BE89CE09F938F9383E892E2B4
:107C00009F938F938CE89EE19F938F9381E08F9356
:107C10000E94F0198FEF9FEF8093AB249093AC24D8
:107C200083E79CE041CB273F11F40C948A4F283F17
:107C300011F40C941050253F09F06ECC6AE0E62E4A
:107C40006BE0F62EFF92EF9243E852E25F934F9380
:107C500086EC99E09F938F9378E0872E8F920E9415
:107C6000F0190E94D132CDBFDEBF81110C94364F86
:107C7000FF92EF92E3E8F2E2FF93EF9383EF9DE14F
:107C80000C94604E83E892E29F938F9386EB91E28F
:107C90009F938F9388E08F930E94F01982E08093E6
:107CA000AD241092AE2481E08093AF2483E08093D2
:107CB000B02484E090E08093AB249093AC240F90A8
:107CC0000F900F900F900F90C6010E94DE1760EF8B
:107CD000C6010E94BE5700E010E00C94BD5083E83E
:107CE00092E29F938F938AE991E29F938F9388E02A
:107CF0008F930E94F01981E08093AD241092AE24FE
:107D000086E0D2CF909136259F7099831F929F93E2
:107D100083E892E29F938F9389E791E29F938F93F9
:107D200088E08F930E94F01989810E94ED19CDBFE0
:107D3000DEBF6ECB83E892E29F938F938CE691E255
:107D40009F938F932F930E94F0190E944A17698383
:107D50007A838B839C83DC01CB0186509F4FAF4F8E
:107D6000BF4F8093582090935920A0935A20B093EE
:107D70005B2049CB83E892E29F938F9383E491E267
:107D80009F938F9388E08F930E94F0190E94992807
:107D90000F900F900F900F900F9081118CC08091D9
:107DA0003625883609F087C080913725853409F05B
:107DB00082C0809138258C3409F07DC080913925AE
:107DC0008C3409F078C020913A252F3609F073C021
:107DD00080913B258A3009F06EC09AE49093AD24DF
:107DE00098E79093AE243DE43093AF2491E69093CE
:107DF000B0249BE69093B12495E69093B22440E2A0
:107E00004093B32455E55093B42453E55093B524DF
:107E100052E45093B6245DE25093B72457E4509354
:107E2000B82450E55093B92459E45093BA245FE440
:107E30005093BB244093BC243093BD242093BE2494
:107E400024E62093BF2425E72093C0242CE620932A
:107E5000C1249093C2248093C3248091952480935D
:107E6000C424809196248093C52480919724809384
:107E7000C624809198248093C7248091992480936C
:107E8000C82480919A248093C92480919B24809354
:107E9000CA2480919C248093CB2480919D2480933C
:107EA000CC2480E290E08093AB249093AC2481E0DA
:107EB0008093942409CF8FEF9FEF8093AB2490930E
:107EC000AC241092A7241092A82410CB80913825BE
:107ED0001F928F93809137251F928F938091362523
:107EE0001F928F9383E892E29F938F938CE191E2AC
:107EF0009F938F9388E08F930E94F01940913825CB
:107F000060913725809136250E94D31A10CF809139
:107F100037251F928F93809136251F928F9383E888
:107F200092E29F938F9388EF90E29F938F9388E0E4
:107F30008F930E94F01960913725809136250E9419
:107F4000491BF5CE809137251F928F93809136255E
:107F50001F928F9383E892E29F938F9388EB90E236
:107F60009F938F9388E08F930E94F019609137253B
:107F7000809136250E94F31BDACE809136250E942F
:107F80004B1C89839A839F9379817F9383E892E244
:107F90009F938F938CE990E29F938F9388E08F93C8
:107FA0000E94F01989819A819827892798278093C0
:107FB000AD249093AE2482E090E08093AB24909324
:107FC000AC24CDBFDEBF80CE0E947A1C89839A8309
:107FD0009F93B981BF9383E892E29F938F938EE73B
:107FE00090E29F938F9388E08F930E94F019E9812C
:107FF000FA81FE27EF27FE27E093AD24F093AE240D
:10800000DACF08E010E21F930F93A3E8B2E2BF9328
:10801000AF9386EC99E09F938F9358E0A52EAF9293
:108020000E94F0190E94D132CDBFDEBF8823B9F083
:108030001F930F9343E852E25F934F9388EE9FE1C3
:108040009F938F9381E08F930E94F0198FEF9FEFA2
:108050008093AB249093AC2483EB9FE125C90E94CD
:108060005C258823B9F01F930F93A3E8B2E2BF9376
:10807000AF938EE69FE19F938F9381E08F930E9451
:10808000F0198FEF9FEF8093AB249093AC2487E09F
:108090009FE10AC90E94A6308823B9F01F930F936D
:1080A00043E852E25F934F9384EE9EE19F938F9358
:1080B00081E08F930E94F0198FEF9FEF8093AB24A4
:1080C0009093AC248CEA9EE1EFC80E94A21E882304
:1080D000B9F01F930F93A3E8B2E2BF93AF938CE87C
:1080E0009EE19F938F9381E08F930E94F0198FEF11
:1080F0009FEF8093AB249093AC2482E79EE1D4C899
:1081000060913625862F829586958370E82E362FCE
:108110003F70B32E1F923F9364FBFF24F0F81F9231
:10812000FF921F928F931F930F9343E852E25F9346
:108130004F9383E69EE19F938F93AF920E94F01935
:108140004B2D6F2D8E2D0E94931DCDBFDEBF811153
:108150005FC91F930F93E3E8F2E2FF93EF938EE37F
:108160009EE19F938F9381E08F930E94F0198FEF90
:108170009FEF8093AB249093AC2482E29EE194C85D
:108180000FE01EE11F930F9363E872E27F936F93FA
:1081900086EC99E09F938F9388E08F930E94F0196B
:1081A0000E94A21ECDBFDEBF811117C01F930F9387
:1081B000E3E8F2E2FF93EF9383EF9DE19F938F93C8
:1081C00081E08F930E94F0198FEF9FEF8093AB2493
:1081D0009093AC248DED9DE167C80E94151E18C9CF
:1081E00005EC1DE11F930F9363E872E27F936F9399
:1081F00086EC99E09F938F9388E08F930E94F0190B
:108200000E94A51ECDBFDEBF811102C91F930F932F
:10821000E3E8F2E2FF93EF9386EB9DE19F938F9368
:1082200081E08F930E94F0198FEF9FEF8093AB2432
:108230009093AC2488E99DE137C88091A5248111F1
:1082400033C0809136251F928F9305E31DE11F9364
:108250000F9363E872E27F936F9389E49DE19F93AC
:108260008F9388E08F930E94F01980913625CDBFBF
:10827000DEBF811189C31F921F921F930F93E3E802
:10828000F2E2FF93EF938CEF9CE19F938F9381E059
:108290008F930E94F0198FEF9FEF8093AB24909300
:1082A000AC2485EC9CE100C81F928F9305E31DE18F
:1082B0001F930F9363E872E27F936F9380EB9CE1CF
:1082C0009F938F9388E08F930E94F0196091A5246B
:1082D00070E086E395E20E94681FCDBFDEBF81118A
:1082E0000C940C501F930F93E3E8F2E2FF93EF938B
:1082F00081E99CE19F938F9381E08F930E94F01915
:108300008FEF9FEF8093AB249093AC248AE79CE19E
:108310000C9454398091A5249091A424892B811127
:1083200045C0809139251F928F93809137251F92E8
:108330008F9380E49CE19F938F9383E892E29F93D5
:108340008F9380E69CE19F938F9388E08F930E94A8
:10835000F019809136258093A2248091372580934F
:10836000A524909138259093A1249091392590933C
:10837000A42490913A259093A024CDBFDEBF8823FA
:10838000A9F090E080933325909334251092312505
:10839000109232250E944A1760932D2570932E2546
:1083A00080932F25909330250C9463398091A524D8
:1083B0009091A424282F292B222309F429C81F9245
:1083C0009F931F928F9390E4A92E9CE1B92EBF92A8
:1083D000AF9283E892E29F938F9386E29CE19F9312
:1083E0008F9388E08F930E94F0192091A42430E0AD
:1083F0006091A52470E046E3E42E45E2F42E00915E
:10840000A0244091A1248091A2240E943C20CDBFB1
:10841000DEBF811109C0BF92AF9223E832E23F93E1
:108420002F9381E99CE166CF8091A42490E033C32F
:1084300009E01CE11F930F9383E892E29F938F93CF
:1084400086EC99E09F938F9388E0E82EEF920E944C
:10845000F0190E94A21ECDBFDEBF811109C01F937B
:108460000F9323E832E23F932F9383EF9DE1A6CE53
:1084700080913625F82EE894F7F81F92FF921F930B
:108480000F9383E892E29F938F9380E09CE19F9308
:108490008F93EF920E94F0198F2D0E94681ECDBF1E
:1084A000DEBF81110C94083A1F930F9323E832E248
:1084B0003F932F9388ED9BE19F938F9381E08F9360
:1084C0000E94F0198FEF9FEF8093AB249093AC2420
:1084D00085EB9BE10C9454398DE99BE19F938F933D
:1084E00083E892E29F938F9386EC99E09F938F931A
:1084F00088E08F930E94F0190E94A21ECDBFDEBFBC
:1085000081110BC08DE99BE19F938F9383E892E2E9
:108510009F938F9383EF9DE151CE80913625837099
:10852000F82E1F928F930DE91BE11F930F9323E801
:1085300032E23F932F9380E09CE19F938F9388E0FA
:108540008F930E94F0198F2D0E94771ECDBFDEBF42
:1085500081110C94083A1F930F9383E892E29F9342
:108560008F938AE79BE19F938F9381E08F930E9483
:10857000F0198FEF9FEF8093AB249093AC248CE5A0
:108580009BE10C945439F09036251F92FF921F9373
:108590000F9323E832E23F932F9382E39BE19F9373
:1085A0008F93EF920E94F019CDBFDEBFF7FE4AC055
:1085B00060913625862F82706170909135259934AF
:1085C00021F50E94C420F82E87FF16C01F930F9339
:1085D00083E892E29F938F9388E19BE19F938F932F
:1085E00081E08F930E94F0198DEF9AE18093A72488
:1085F0009093A824CDBFDEBFF092AD2481E090E03F
:108600008093AB249093AC245FCB0E949B2081117C
:108610000C94083A1F930F9323E832E23F932F9371
:1086200088E19BE19F938F9381E08F930E94F019E3
:108630008FEF9FEF8093AB249093AC248DEF9AE162
:108640000C9454390E94CF20811118C01F930F93AE
:1086500083E892E29F938F9381EE9AE19F938F93A9
:1086600081E08F930E94F0198FEF9FEF8093AB24EE
:108670009093AC2484EC9AE10C9454398091352584
:10868000893411F00C94083A1092AD24B7CF809140
:10869000A52481114AC0809138251F928F93809123
:1086A00037251F928F93809136251F928F930CE868
:1086B0001AE11F930F9323E832E23F932F9383EA4B
:1086C0009AE19F938F9388E08F930E94F019809195
:1086D0003825CDBFDEBF882371F090913625909369
:1086E0009F249091372590939E248093A52490E019
:1086F000880F991F47CE1F921F921F930F9383E8F5
:1087000092E29F938F9383E59AE19F938F9381E009
:108710008F930E94F0198FEF9FEF8093AB2490937B
:10872000AC248CE19AE10C9454391F928F930CE89D
:108730001AE11F930F9323E832E23F932F9380EBCC
:108740009CE19F938F9388E08F930E94F019209172
:10875000A52430E046E355E260919E2480919F2459
:108760000E94F320CDBFDEBF81110C9490501F9367
:108770000F9383E892E29F938F938AEF99E19F93FF
:108780008F9381E08F930E94F0198FEF9FEF80937A
:10879000AB249093AC2480EE99E10C9454398091F1
:1087A00036251F928F931F930F9323E832E23F9356
:1087B0002F9382E39BE19F938F93FF920E94F01986
:1087C000809136250E946922CDBFDEBF87FF18C089
:1087D0001F930F9383E892E29F938F9389EA99E125
:1087E0009F938F9381E08F930E94F0198FEF9FEFFB
:1087F0008093AB249093AC2480E999E10C94543994
:108800008093AD24FBCE209136258091372590E0D2
:10881000A0E0B0E0BA2FA92F982F8827A22B209193
:108820003825AC01BD01422B49835A836B837C837D
:1088300080913925B82EB294EFE0BE228170E82EE7
:108840001F928F931F92BF927F936F935F934F936B
:108850001F930F9363E872E27F936F9384E599E12E
:108860009F938F93FF920E94F0192E2D4B2D6981BB
:108870007A818B819C810E94D922CDBFDEBF81117C
:108880000C94083A1F930F93E3E8F2E2FF93EF93FF
:108890008EE39EE19F938F9381E08F930E94F01966
:1088A0008FEF9FEF8093AB249093AC2488E399E102
:1088B0000C94543905E219E11F930F9363E872E2B7
:1088C0007F936F9386EC99E09F938F9388E08F93CB
:1088D0000E94F0190E945B23CDBFDEBF811118C03A
:1088E0001F930F93E3E8F2E2FF93EF9383EF9DE191
:1088F0009F938F9381E08F930E94F0198FEF9FEFEA
:108900008093AB249093AC248FE099E10C9454397C
:108910000E944F230C94083A809137251F928F9321
:1089200004EF18E11F930F9363E872E27F936F9354
:1089300089E49DE19F938F9388E08F930E94F019C3
:1089400080913725CDBFDEBF81111AC01F921F92C3
:108950001F930F93E3E8F2E2FF93EF938CEF9CE118
:108960009F938F9381E08F930E94F0198FEF9FEF79
:108970008093AB249093AC248DEB98E10C94543904
:10898000909136259093A3248093A524FACC8091CE
:1089900037251F928F9308E618E11F930F93A3E8E2
:1089A000B2E2BF93AF9382E898E19F938F9388E000
:1089B0008F930E94F01940913725CDBFDEBF411142
:1089C0001AC01F921F921F930F9343E852E25F93C6
:1089D0004F938CEF9CE19F938F9381E08F930E9444
:1089E000F0198FEF9FEF8093AB249093AC248DEB25
:1089F00098E10C945439809136258093A3244093B8
:108A0000A52421E090913525953609F420E050E029
:108A100066E375E20E94A22381110C940C5088E653
:108A200098E19F938F9383E892E29F938F938DE4D5
:108A300098E19F938F9381E08F930E94F0198FEFBD
:108A40009FEF8093AB249093AC248AE398E10C943D
:108A5000543986E395E20E94EC2381111AC085EF18
:108A600097E19F938F9383E892E29F938F9385E0A2
:108A700098E19F938F9381E08F930E94F0198FEF7D
:108A80009FEF8093AB249093AC248EED97E10C94F0
:108A9000543980E890E08093A9249093AA240C9400
:108AA000083A209136258091372590E0A0E0B0E08B
:108AB000BA2FA92F982F8827A22B20913825AC01F7
:108AC000BD01422B49835A836B837C838091392576
:108AD0008093A32490913A259093A5241F929F936D
:108AE0001F928F937F936F935F934F9302EB17E1E6
:108AF0001F930F9363E872E27F936F938AEC97E181
:108B00009F938F9388E08F930E94F0192091A52462
:108B10004091A32469817A818B819C810E941924D0
:108B2000CDBFDEBF81110C94083A1F930F93E3E889
:108B3000F2E2FF93EF9381EA98E19F938F9381E0B4
:108B40008F930E94F0198FEF9FEF8093AB24909347
:108B5000AC2480E997E10C9454392091362580911A
:108B6000372590E0A0E0B0E0BA2FA92F982F8827F2
:108B7000A22B20913825AC01BD01422B49835A8399
:108B80006B837C83809139258093A3241F928F93DC
:108B90007F936F935F934F930AE617E11F930F93B1
:108BA00063E872E27F936F9381E897E19F938F93DD
:108BB00088E08F930E94F01926E335E24091A324C8
:108BC00069817A818B819C810E948F24CDBFDEBF19
:108BD000811118C01F930F93E3E8F2E2FF93EF9324
:108BE0008DE498E19F938F9381E08F930E94F01919
:108BF0008FEF9FEF8093AB249093AC2489E497E1AF
:108C00000C94543981E090E046CF06E317E11F93BE
:108C10000F9363E872E27F936F9386EC99E09F93E2
:108C20008F9388E08F930E94F0190E94D132CDBFBC
:108C3000DEBF8823C1F01F930F93E3E8F2E2FF93B6
:108C4000EF9388EE9FE19F938F9381E08F930E9433
:108C5000F0198FEF9FEF8093AB249093AC2480E0CA
:108C600097E10C9454390E949928882391F10E942D
:108C70009C28882311F11F930F9363E872E27F937E
:108C80006F938DED96E19F938F9381E08F930E9478
:108C9000F019CDBFDEBF8FEF9FEF8093AB24909391
:108CA000AC240E949C28882389F084EA96E1809372
:108CB000A7249093A8240C94083A1F930F93E3E8F9
:108CC000F2E2FF93EF938CE89EE1DDCF89E896E135
:108CD000EECF81E00E945551811118C01F930F9370
:108CE00063E872E27F936F9385E596E19F938F939C
:108CF00081E08F930E94F0198FEF9FEF8093AB2458
:108D00009093AC2489E196E10C9454390E94B229E5
:108D100081110C94083A1F930F93E3E8F2E2FF935A
:108D2000EF938EE39EE19F938F9381E08F930E9458
:108D3000F0198FEF9FEF8093AB249093AC248CEFCE
:108D400095E10C9454390E949C2881110C94A03C0C
:108D50000E94B52981E00E9470510C94083A8BEB77
:108D600095E19F938F9383E892E29F938F9386EC94
:108D700099E09F938F9388E08F930E94F0190E944F
:108D80009928CDBFDEBF81110CC08BEB95E19F937D
:108D90008F9383E892E29F938F9383EF9DE10C94EE
:108DA000AA3C0E949C288111F0CF0E9454290C9467
:108DB000083A84EA95E19F938F9383E892E29F9328
:108DC0008F9386EC99E09F938F9388E08F930E9416
:108DD000F0190E949928CDBFDEBF81110CC084EA32
:108DE00095E19F938F9383E892E29F938F9383EF14
:108DF0009DE10C94AA3C0E949C288111F0CF0E9416
:108E000078290C94083A87E895E19F938F9383E83B
:108E100092E29F938F9386EC99E09F938F9388E0E3
:108E20008F930E94F0190E949928CDBFDEBF811157
:108E30000CC087E895E19F938F9383E892E29F931C
:108E40008F9383EF9DE10C94AA3C0E949C28811192
:108E5000F0CF0E94FE5181111AC087E895E19F93DF
:108E60008F9383E892E29F938F9386E695E19F9399
:108E70008F9381E08F930E94F0198FEF9FEF809383
:108E8000AB249093AC2486E295E10C945439B091D4
:108E90003625B9831F92BF9387E895E19F938F93FF
:108EA00083E892E29F938F9380E09CE19F938F935E
:108EB00088E08F930E94F01989810E94A8290C9460
:108EC000973E0E949928882369F10E949C2881116D
:108ED0001DC01F930F9323E832E23F932F938AEB39
:108EE00094E19F938F9381E08F930E94F019CDBFFF
:108EF000DEBF8FEF9FEF8093AB249093AC240E9452
:108F00009C2881110CC081E894E1D1CE1F930F936E
:108F100083E892E29F938F938CE89EE1E2CF86E60E
:108F200094E1C5CE82E00E945551811109C01F9382
:108F30000F9323E832E23F932F9383E294E1D6CE5E
:108F4000F09036257F2D7170E72E1F927F938F2D25
:108F50000F2C000C990B892F881F8827881F1F92C0
:108F60008F931F930F9383E892E29F938F9387E1F0
:108F700094E19F938F93BF920E94F019CDBFDEBF03
:108F8000F7FE28C00E94C22991E089278823F1F0CA
:108F900083E195E19F938F9383E892E29F938F9370
:108FA0008EE39EE19F938F9381E08F930E94F0194F
:108FB0008FEF9FEF8093AB249093AC248AEF93E1E3
:108FC0008093A7249093A824CDBFDEBFE092A6246F
:108FD0000C94083A0E94BF29D7CF86EE93E19F9365
:108FE0008F9383E892E29F938F9386EC99E09F930F
:108FF0008F9388E08F930E94F0190E949928CDBF2B
:10900000DEBF81111AC086EE93E19F938F9383E8B0
:1090100092E29F938F9383EF9DE19F938F9381E0E3
:109020008F930E94F0198FEF9FEF8093AB24909362
:10903000AC248FEC93E10C9454390E949C28882333
:1090400011F30E945C2581110E943D250E94C529D3
:1090500082E081CE06EB13E11F930F9383E892E247
:109060009F938F9386EC99E09F938F9388E08F93E3
:109070000E94F0190E94A630CDBFDEBF8823C1F048
:109080001F930F9323E832E23F932F9380E993E1FC
:109090009F938F9381E08F930E94F0198FEF9FEF42
:1090A0008093AB249093AC248CE193E10C945439DD
:1090B0000E94A21E882349F01F930F9383E892E237
:1090C0009F938F9387EF92E1E3CF0E945C258111FC
:1090D00022C08091A6240E94092581111CC01F93E3
:1090E0000F9323E832E23F932F9387EC92E19F9313
:1090F0008F9381E08F930E94F0198FEF9FEF809301
:10910000AB249093AC248EE892E18093A7249093B3
:10911000A824CDBFDEBF0E945F2581110C94083AC0
:1091200086EB93E19F938F9383E892E29F938F93D3
:1091300086EB9DE19F938F9381E08F930E94F019BE
:109140008FEF9FEF8093AB249093AC248FE692E156
:109150000C94543904E512E11F930F93A3E8B2E293
:10916000BF93AF9386EC99E09F938F9388E08F93A2
:109170000E94F0190E94A630CDBFDEBF882349F0BF
:109180001F930F9343E852E25F934F9380E993E17B
:109190007FCF0E94A21E882349F01F930F93A3E85C
:1091A000B2E2BF93AF9387EF92E172CF0E945C254A
:1091B000811124C08091A6240E94092581111EC01E
:1091C00084E592E19F938F9383E892E29F938F933C
:1091D00087EC92E19F938F9381E08F930E94F01927
:1091E0008FEF9FEF8093AB249093AC248EE892E1B5
:1091F0008093A7249093A824CDBFDEBF0E94722540
:1092000081110C94083A84E592E19F938F9383E84F
:1092100092E29F938F9386EB9DE19F938F9381E0E2
:109220008F930E94F0198FEF9FEF8093AB24909360
:10923000AC2483E392E10C9454390E949C28882347
:1092400011F40C941B3DB1CD86E092E19F938F9376
:1092500083E892E29F938F9386EC99E09F938F939C
:1092600088E08F930E94F0190E949928CDBFDEBF3D
:1092700081110BC086E092E19F938F9383E892E285
:109280009F938F9383EF9DE1C8CE0E949C288823F3
:1092900089F3B5CD09EE11E11F930F9363E872E2F4
:1092A0007F936F9386EC99E09F938F9338E0E32E42
:1092B000EF920E94F0190E949928CDBFDEBF811164
:1092C0000BC089EE91E19F938F9383E892E29F9385
:1092D0008F9383EF9DE1A1CE0E949C28882389F380
:1092E0000E94FE51811109C01F930F9323E832E2BF
:1092F0003F932F9386E695E1BACDF09036251F92E5
:10930000FF921F930F9383E892E29F938F9380E0E5
:109310009CE19F938F93EF920E94F0198F2DCDCDFA
:1093200086ED91E19F938F9383E892E29F938F93D1
:1093300086EC99E09F938F9388E08F930E94F019B9
:109340000E94D132CDBFDEBF8823D1F086ED91E1FE
:109350009F938F9383E892E29F938F9388EE9FE190
:109360009F938F9381E08F930E94F0198FEF9FEF6F
:109370008093AB249093AC2480EA91E10C9454390F
:109380000E94A6308823D1F086ED91E19F938F93C0
:1093900083E892E29F938F9384EE9EE19F938F9355
:1093A00081E08F930E94F0198FEF9FEF8093AB24A1
:1093B0009093AC2487E691E10C9454390E94A21E4C
:1093C0008823D1F086ED91E19F938F9383E892E219
:1093D0009F938F9385E491E19F938F9381E08F9387
:1093E0000E94F0198FEF9FEF8093AB249093AC24F1
:1093F0008DE091E10C9454390E941B2B8823D1F00D
:1094000086ED91E19F938F9383E892E29F938F93F0
:109410008CE89EE19F938F9381E08F930E94F019D7
:109420008FEF9FEF8093AB249093AC2482EF90E179
:109430000C9454398091362580903725912CA12C9D
:10944000B12CBA2CA92C982C8824A82A80913825D4
:10945000882A40913925842F82958370682E43FB9A
:10946000112710F94170742E1F924F931F921F9372
:109470001F928F93BF92AF929F928F9226EDE22E12
:1094800021E1F22EFF92EF92E3E8F2E2FF93EF93F5
:109490008FED90E19F938F9388E08F930E94F01956
:1094A00061E0610F95018401472D862D0E94CF292F
:1094B000CDBFDEBF81110C94083AFF92EF9263E8B2
:1094C00072E27F936F938EE39EE19F938F9381E08F
:1094D0008F930E94F0198FEF9FEF8093AB249093AE
:1094E000AC2482EC90E10C9454390E94ED2A0C9447
:1094F000083A0EE710E11F930F93E3E8F2E2FF93BF
:10950000EF9386EC99E09F938F9388E08F930E946E
:10951000F0190E941E2BCDBFDEBF81110C94083ABA
:109520001F930F9363E872E27F936F9386EB9DE145
:109530009F938F9381E08F930E94F0198FEF9FEF9D
:109540008093AB249093AC248DE590E10C94543936
:1095500002E410E11F930F93E3E8F2E2FF93EF932D
:1095600086EC99E09F938F9388E08F930E94F01987
:109570000E94242BCDBFDEBF81110C94083A1F93AB
:109580000F9363E872E27F936F9386EB9DE19F9365
:109590008F9381E08F930E94F0198FEF9FEF80935C
:1095A000AB249093AC248DE590E10C9454398091D8
:1095B00037251F928F93809136251F928F938CE2CF
:1095C00090E19F938F9383E892E29F938F9387E13B
:1095D00094E19F938F9388E08F930E94F01961E04C
:1095E00080913725811101C060E0809136250E946D
:1095F0002A2BCDBFDEBF81110C94083A8CE290E19A
:109600009F938F9383E892E29F938F9386EB9DE1E4
:109610009F938F9381E08F930E94F0198FEF9FEFBC
:109620008093AB249093AC248EEF9FE00C9454393C
:109630001F928F930FEE1FE01F930F9363E872E268
:109640007F936F9380EB9CE19F938F9388E08F9340
:109650000E94F0196091A52470E086E395E20E94D3
:10966000722BCDBFDEBF81110C94083A1F930F936C
:10967000E3E8F2E2FF93EF9388E99FE09F938F93F3
:1096800081E08F930E94F0198FEF9FEF8093AB24BE
:109690009093AC2480E89FE00C9454398091362557
:1096A0001F928F9301E71FE01F930F9363E872E20D
:1096B0007F936F9382E898E19F938F9388E08F93D5
:1096C0000E94F01960913625CDBFDEBF61111AC02E
:1096D0001F921F921F930F93E3E8F2E2FF93EF9321
:1096E0008CEF9CE19F938F9381E08F930E94F01900
:1096F0008FEF9FEF8093AB249093AC2487EB9FE098
:109700000C9454396093A52470E086E395E20E949E
:10971000A72C811181C41F930F9363E872E27F939A
:109720006F9383E59FE09F938F9381E08F930E94D7
:10973000F0198FEF9FEF8093AB249093AC248CE3D0
:109740009FE00C94543909E21FE01F930F93E3E864
:10975000F2E2FF93EF9386EC99E09F938F9388E07A
:10976000F82EFF920E94F0190E94D132CDBFDEBFC9
:109770008823C1F01F930F9363E872E27F936F9386
:1097800088EE9FE19F938F9381E08F930E94F01961
:109790008FEF9FEF8093AB249093AC2483EF9EE0F8
:1097A0000C9454390E945C258823C1F01F930F93B9
:1097B000E3E8F2E2FF93EF938EE69FE19F938F93AE
:1097C00081E08F930E94F0198FEF9FEF8093AB247D
:1097D0009093AC248BE89EE00C9454390E94A21E16
:1097E0008823C1F01F930F9363E872E27F936F9316
:1097F00085E491E19F938F9381E08F930E94F0190C
:109800008FEF9FEF8093AB249093AC2483E59EE091
:109810000C9454390E94A6308823C1F01F930F93F3
:10982000E3E8F2E2FF93EF938CE89EE19F938F933E
:1098300081E08F930E94F0198FEF9FEF8093AB240C
:109840009093AC2488E39EE00C9454391F930F93BB
:1098500063E872E27F936F9386EC99E09F938F9316
:10986000FF920E94F0190E942D2FCDBFDEBF811103
:109870000C94083A1F930F93E3E8F2E2FF93EF93FF
:109880008EE39EE19F938F9381E08F930E94F01966
:109890008FEF9FEF8093AB249093AC248BE19EE0FD
:1098A0000C94543987E09EE09F938F9383E892E273
:1098B0009F938F9386EC99E09F938F9388E08F938B
:1098C0000E94F0190E94A630CDBFDEBF81111AC0E0
:1098D00087E09EE09F938F9383E892E29F938F931C
:1098E00083EF9DE19F938F9381E08F930E94F01906
:1098F0008FEF9FEF8093AB249093AC2480EF9DE09B
:109900000C9454390E949D300C94083A0BEA1DE0E7
:109910001F930F93A3E8B2E2BF93AF9386EC99E055
:109920009F938F9388E08F930E94F0190E942F31AC
:10993000CDBFDEBF81110C94083A1F930F9343E80B
:1099400052E25F934F9386EB9DE19F938F9381E06B
:109950008F930E94F0198FEF9FEF8093AB24909329
:10996000AC248FE89DE00C945439809139251F92E6
:109970008F93809138251F928F93809137251F9266
:109980008F93809136251F928F93B4E6EB2EBDE026
:10999000FB2EFF92EF92A3E8B2E2BF93AF9385E76D
:1099A0009DE09F938F9388E08F930E94F0196091C0
:1099B0003625CDBFDEBF61111AC01F921F92FF92E4
:1099C000EF9243E852E25F934F938CEF9CE19F93B9
:1099D0008F9381E08F930E94F0198FEF9FEF809318
:1099E000AB249093AC248CE29DE00C9454396093AA
:1099F000A524409137254093A22420913825209317
:109A0000A124009139250093A02470E086E395E21B
:109A10000E947431811100C3FF92EF92A3E8B2E279
:109A2000BF93AF9383E59FE09F938F9381E08F93E4
:109A30000E94F0198FEF9FEF8093AB249093AC249A
:109A400080E19DE00C9454398091A524811150C08F
:109A5000809139251F928F93809138251F928F9383
:109A6000809137251F928F93809136251F928F9377
:109A70000BED1CE01F930F9343E852E25F934F936B
:109A80008CEE9CE09F938F9388E08F930E94F01957
:109A900080913625CDBFDEBF81111AC01F921F9263
:109AA0001F930F93E3E8F2E2FF93EF938CEF9CE1B7
:109AB0009F938F9381E08F930E94F0198FEF9FEF18
:109AC0008093AB249093AC248CE29DE00C945439A9
:109AD0008093A524909137259093A22490913825C6
:109AE0009093A124909139259093A0240C94C14186
:109AF0009091A0241F929F939091A1241F929F93D5
:109B00009091A2241F929F931F928F93ABEDEA2E08
:109B1000ACE0FA2EFF92EF9263E872E27F936F93CC
:109B200087EB9CE09F938F9388E08F930E94F019BE
:109B30006091A52470E00091A0242091A12440917F
:109B4000A22486E395E20E94F531CDBFDEBF8111EC
:109B50000C94083AFF92EF92E3E8F2E2FF93EF935E
:109B600081EA98E19F938F9381E08F930E94F0198F
:109B70008FEF9FEF8093AB249093AC248BE99CE014
:109B80000C9454390E94A21E8823D1F08BE89CE0EB
:109B90009F938F9383E892E29F938F9389E39CE056
:109BA0009F938F9381E08F930E94F0198FEF9FEF27
:109BB0008093AB249093AC248CEE9BE00C945439AE
:109BC0000E9499288111E2CF0E941B2B8111DECFC8
:109BD0000E94A6308111DACF0BE81CE01F930F938F
:109BE000A3E8B2E2BF93AF9386EC99E09F938F9383
:109BF000F8E0EF2EEF920E94F01983E056D3CDBF2C
:109C0000DEBF811109C01F930F9343E852E25F93B7
:109C10004F9383E294E16AC880913625F82EE89448
:109C2000F7F81F92FF921F930F93A3E8B2E2BF933E
:109C3000AF9380E09CE19F938F93EF920E94F01985
:109C40008F2D0E94F332CDBFDEBF81110C94083AF4
:109C50008BE89CE09F938F9383E892E29F938F938E
:109C60008EE39EE19F938F9381E08F930E94F01982
:109C70008FEF9FEF8093AB249093AC2482ED9BE019
:109C80000C94543901EC1BE01F930F9363E872E2CC
:109C90007F936F9386EC99E09F938F9388E08F93E7
:109CA0000E94F0190E94D132CDBFDEBF811118C0D1
:109CB0001F930F93E3E8F2E2FF93EF9383EF9DE1AD
:109CC0009F938F9381E08F930E94F0198FEF9FEF06
:109CD0008093AB249093AC248DEA9BE00C94543990
:109CE0000E948D3283E037C806E91BE01F930F9373
:109CF00063E872E27F936F9386EC99E09F938F9372
:109D0000E8E0EE2EEF920E94F0190E94D132CDBF12
:109D1000DEBF811109C01F930F93E3E8F2E2FF93C6
:109D2000EF9383EF9DE1CCCF80913625F82EE89418
:109D3000F7F81F92FF921F930F9363E872E27F93ED
:109D40006F9380E09CE19F938F93EF920E94F019B4
:109D50008F2D0E949832CDBFDEBF81110C94083A3E
:109D60001F930F93E3E8F2E2FF93EF9388ED9BE1FB
:109D70009F938F9381E08F930E94F0198FEF9FEF55
:109D80008093AB249093AC2485E79BE00C945439EA
:109D900082E69BE09F938F9383E892E29F938F9359
:109DA00086EC99E09F938F9388E08F930E94F0193F
:109DB0000E94D132CDBFDEBF81110BC082E69BE095
:109DC0009F938F9383E892E29F938F9383EF9DE11C
:109DD00077CF90913625998390749D831981107265
:109DE0001F921F931F929F93898180781F928F9358
:109DF00082E69BE09F938F9383E892E29F938F93F9
:109E000083E69EE19F938F9388E08F930E94F019E1
:109E100041E0111101C040E061E0AD81A11101C03C
:109E200060E08981881F8827881F0E94D432CDBFB7
:109E3000DEBF81110C94083A82E69BE09F938F93DA
:109E400083E892E29F938F9389E39BE09F938F93A4
:109E500081E08F930E94F0198FEF9FEF8093AB24E6
:109E60009093AC2487E19BE00C94543910913625F3
:109E7000512F5074A52E612F6072962E712F77701E
:109E8000B72E009137251F920F931F927F931F9239
:109E90006F931F925F93812F80781F928F93FF9211
:109EA000EF9283E892E29F938F938FEE9AE09F93D5
:109EB0008F938F920E94F01941E0911001C040E011
:109EC00061E0A11001C060E02B2D812F881F882741
:109ED000881F0E944F33CDBFDEBF81110C94083A1A
:109EE0008AE09BE09F938F9383E892E29F938F9306
:109EF00085ED9AE09F938F9381E08F930E94F019F4
:109F00008FEF9FEF8093AB249093AC2485EC9AE085
:109F10000C9454398091A52481113AC08091372541
:109F20001F928F9303EB1AE01F930F9343E852E2C3
:109F30005F934F9389E49DE19F938F9388E08F9384
:109F40000E94F01980913725CDBFDEBF81111AC064
:109F50001F921F921F930F93E3E8F2E2FF93EF9398
:109F60008CEF9CE19F938F9381E08F930E94F01977
:109F70008FEF9FEF8093AB249093AC248EE79AE011
:109F80000C945439909136259093A4240C94C44495
:109F90001F928F9353EBA52E5AE0B52EBF92AF922E
:109FA00063E872E27F936F9380EB9CE19F938F93C2
:109FB00088E08F930E94F0198091A424E090A5245A
:109FC000F12C282F277085FB442740F986FB662754
:109FD00060F906E315E2881F8827881F0E94A433D2
:109FE000CDBFDEBF811118C0BF92AF92E3E8F2E2AD
:109FF000FF93EF9381E99CE19F938F9381E08F938F
:10A000000E94F0198FEF9FEF8093AB249093AC24C4
:10A0100089E69AE00C9454398091A5240C94164258
:10A020008091A52481113AC0809137251F928F938A
:10A0300004E51AE01F930F9363E872E27F936F9336
:10A0400089E49DE19F938F9388E08F930E94F0199C
:10A0500080913725CDBFDEBF882331F09091362522
:10A060009093A4240C9475431F921F921F930F93F7
:10A07000E3E8F2E2FF93EF9383E59AE19F938F93F6
:10A0800081E08F930E94F0198FEF9FEF8093AB24B4
:10A090009093AC248FE19AE00C9454391F928F93E3
:10A0A00034E5E32E3AE0F32EFF92EF9263E872E29A
:10A0B0007F936F9380EB9CE19F938F9388E08F93C6
:10A0C0000E94F0198091A4240091A52410E085FB42
:10A0D000442740F986FB662760F926E335E2881FAE
:10A0E0008827881F0E948835CDBFDEBF811118C028
:10A0F000FF92EF92E3E8F2E2FF93EF938AEF99E1A8
:10A100009F938F9381E08F930E94F0198FEF9FEFC1
:10A110008093AB249093AC2487E09AE00C9454395C
:10A120008091A52490E0880F991F0C944B458EE3F5
:10A130000115110509F08FE390E0A981BA818A1712
:10A140009B0714F489839A83B981B00FB983E9819D
:10A15000E01741F0F801E355FB4D6081C6010ED7D1
:10A16000882361F10E946C178091AB249091AC24FC
:10A17000892B19F0C6010E94DE172091AB24309183
:10A18000AC2429833A83232B91F68091A9249091C2
:10A19000AA240097F9F42596CDBFDEBFDF91CF91B9
:10A1A0001F910F91FF90EF90DF90CF90BF90AF90F5
:10A1B0009F908F907F906F900C94CD378091AB24BF
:10A1C0009091AC2401978093AB249093AC240F5FC3
:10A1D0001F4FBDCF49815A812EE3452B09F02FE354
:10A1E00030E0281739070CF4C9011981180F79815B
:10A1F000171749F0E981FA81EA5CFA4D6081C601DE
:10A20000BDD6882369F00E946C178091A924909193
:10A21000AA24892B09F4B9CFC6010E94DE17B5CF55
:10A220008091A9249091AA2401978093A9249093C6
:10A23000AA2469817A816F5F7F4F69837A83D7CF40
:10A24000FC012FB7F894828593852FBF0895FC01F8
:10A25000A281B3818D91A283B38326813781A21716
:10A26000B30721F424813581228333839FB7F89487
:10A270002285338521503109228733879FBF089576
:10A280009B01FC018FB7F8946083718362837383B1
:10A290006483758333952683378320E031E02087FC
:10A2A0003187128613868FBF0895CF930E94A4171B
:10A2B000C82F882391F040E051E064E773E28EEC10
:10A2C00097E2DEDF40E051E064E772E282EC97E281
:10A2D000D7DF82EC97E20E948B288C2FCF910895D4
:10A2E000CF93C82F0E949028882341F080E090E00F
:10A2F0000E948B288C2FCF910C94B717CF91089583
:10A300000F931F93CF938C010E949028811109C055
:10A31000C801B3D6892B09F05DC0CF911F910F9171
:10A3200008950E949928882399F38EEC97E288DF9C
:10A330002091D6273091D72782179307F9F0C801CB
:10A34000D8D697FD1BC0EEECF7E2A081B1818C93CB
:10A350008081918101968083918326813781821744
:10A36000930721F484819581808391832FB7F8949A
:10A37000828593850196828793872FBF82EC97E22F
:10A380005FDFC82FF801818125D3CC23A9F047D303
:10A39000882391F0C03408F0CFE3C150E091C42786
:10A3A000F091C5276081C801E9D5811105C082EC13
:10A3B00097E24DDFC15090F78EEC97E241DF892B99
:10A3C00009F4ABCF8EEC97E242DF0E94B1280E94E5
:10A3D0006C17F2CFC8018DD697FFFCCF80919424E3
:10A3E000882309F49ACF49E050E065E974E2C80196
:10A3F0009FD5C801ECD5109294248FCF8EEC97E2B4
:10A400001FDF9C0181E0232B09F080E008958091FB
:10A41000CF0187FDFCCF0895CF93DF93C82FF7DFDF
:10A4200080E2C89FE0011124E0ECF1E0C083D18319
:10A43000128285E38287EF93FF930F932F93EBECC8
:10A44000F1E008ED21E004BF20832F910F91FF91EF
:10A45000EF91DF91CF910895EF92FF920F931F93A9
:10A46000CF93DF93CDB7DEB7EA97CDBFDEBF0DED5B
:10A4700017E278010F5F1F4F8DD2F7018083F7E25B
:10A48000053E1F07B1F70E94A814EDD2882381F082
:10A490008091DD279091DE27953009F4A8C0B8F4AB
:10A4A000292F2D7F213009F471C0992309F44EC062
:10A4B000DAD2882309F4E7C0EED2EA96CDBFDEBF38
:10A4C000DF91CF911F910F91FF90EF9010C39830C3
:10A4D00009F4B5C0993009F4B9C0963049F78058ED
:10A4E000823030F78091DF279091E0278C3DE3E0C8
:10A4F0009E0709F091C083E08A838AE389834FB77E
:10A50000F894DE01139620E038E052E05093CA013F
:10A51000E32FF0E084911092CA0120FF03C08295DE
:10A520008F703F5F8F708A3008F474C0895C90E050
:10A530008D939D932F5F2C3149F74FBFACD26AE3C7
:10A5400070E0CE0101960CD116D2B2CF8038A9F0BE
:10A55000823809F0ADCF8091E1278F70873008F005
:10A56000A7CF38D2E091E827F091E927118112FBBB
:10A57000112710F980E02ED202C01091DA278BD279
:10A58000812F18D280E016D2DDD119C0823009F0B7
:10A590008FCF8091DF2781110FC01091E1271F70AD
:10A5A0008FEF810F863008F083CF812F13D28091F7
:10A5B000DE27833031F49BD280E00CD26CD255D3AD
:10A5C00077CFE091E827F091E92781818B7F818324
:10A5D00024E8129FF0011124E45DF74D1082E09110
:10A5E000E827F091E92780818E7F8083E5CF811174
:10A5F0005FCF1091DF271F774ED237D310D2882339
:10A60000E9F31093C30483E0111101C082E0809349
:10A61000DC274ECF805D8BCF6091E1277091E227E0
:10A62000AE014F5F5F4F0E9443168C01892B09F4E6
:10A630003FCF31D2B80189819A810AD185CF803844
:10A6400009F036CF28D28091DB279DCF811130CF02
:10A650008091DF27823008F02BCF1DD28091DF2739
:10A660008093DB2702D38091DB27882331F084E0BD
:10A670008093DC270E9485141BCF8091C304811135
:10A68000F6CF81E0F5CFEA96CDBFDEBFDF91CF9167
:10A690001F910F91FF90EF9008950895CF938091AF
:10A6A000DC27882351F0C091EA2780E093D1DBD1E9
:10A6B0008111D2DE8C2FCF918DC1CF910895AF92B1
:10A6C000BF92CF92DF92FF920F931F93CF93DF93AE
:10A6D0006C01EB018A01DDD2F82E811128C0011531
:10A6E000110539F0F80180819181C81BD90BC80E82
:10A6F000D91EA12CB12C2097D1F08091E627909102
:10A70000E727FC01EF5BFF4F2081319780812817FD
:10A71000F0F018D1C3DF01151105A1F0F801808117
:10A7200091818A0D9B1D8083918385E0F82E8F2D6A
:10A73000DF91CF911F910F91FF90DF90CF90BF904D
:10A74000AF900895A6D28823C1F2F82EF0CFF6017B
:10A7500081916F012FD12197FFEFAF1ABF0ACBCFA5
:10A76000DF92EF92FF920F931F93CF93DF937C01C1
:10A77000EB018091EA2780682DD10091E3271091A9
:10A78000E4270C171D0718F0209769F08E01D12CD3
:10A790000115110551F4D11008C04DD1882309F4D9
:10A7A0004AC080E007C0CED0F1CF8091DC27811174
:10A7B00009C082E0DF91CF911F910F91FF90EF9040
:10A7C000DF900895853011F483E0F4CF4CD18823D5
:10A7D00011F081E0EFCF2FD18111DFCF20D188237D
:10A7E000B9F22091EA278091E6279091E727FC01B2
:10A7F000EF5BFF4F27FF0FC0C081D0E001151105AF
:10A8000019F0C830D10578F0DD24D394289709F0E9
:10A81000D12C98D0BDCF805C9F4FDC01CC91808142
:10A82000C81BDD0BEBCFF70181917F01C3D0015035
:10A8300011092196E3CF8091DC27882309F4B9CF51
:10A84000853009F4C1CF0FD1882309F4A6CFC1CF39
:10A85000DF92EF92FF920F931F93CF93DF937C01D0
:10A86000EB018091EA278068B5D00091E327109131
:10A87000E4270C171D0718F0209769F08E01D12CE2
:10A880000115110551F4D11008C0D5D0882309F461
:10A890004CC080E007C056D0F1CF8091DC278111F9
:10A8A00009C082E0DF91CF911F910F91FF90EF904F
:10A8B000DF900895853011F483E0F4CFD4D088235D
:10A8C00011F081E0EFCFB7D08111DFCFA8D088237E
:10A8D000B9F22091EA278091E6279091E727FC01C1
:10A8E000EF5BFF4F27FF0FC0C081D0E001151105BE
:10A8F00019F0C830D10578F0DD24D394289709F0F9
:10A90000D12C20D0BDCF805C9F4FDC01CC918081C9
:10A91000C81BDD0BEBCFF70184914CD0FFEFEF1A92
:10A92000FF0A015011092196E1CF8091DC2788238D
:10A9300009F4B7CF853009F4BFCF95D0882309F447
:10A94000A4CFBFCFE091E627F091E727EF5BFF4F61
:10A950008081E091E827F091E92790E0828393835A
:10A9600080818D798083E091E627F091E727EF5B86
:10A97000FF4F10820895E091E827F091E927808148
:10A980008D798083E091E627F091E727EF5BFF4F19
:10A99000108208958091E6279091E727FC01EF5BF4
:10A9A000FF4F208131E0320F3083820F911DFC0177
:10A9B000808108952091E6273091E727F901EF5B28
:10A9C000FF4F908141E0490F4083290F311DF9016C
:10A9D00080830895682F8093EA278091C604909120
:10A9E000C704262F2F7034E8239FA001112470E1A3
:10A9F000279F9001112467FF0FC0435D574D285FCB
:10AA00003F4F820F931F4093E6275093E727809391
:10AA1000E8279093E92708954551584DF2CF80914A
:10AA2000EA278068D7DFE091E827F091E927808165
:10AA30008695817008958091EA278F77CBDFE0912A
:10AA4000E827F091E927808185FF0BC082819381FF
:10AA5000E091E627F091E727E05CFF4F808381E0FB
:10AA6000089580E008958091EA278F77B3DFE09121
:10AA7000E827F091E927808184FF0BC082819381D0
:10AA8000E091E627F091E727E05CFF4F808381E0CB
:10AA9000089580E008958091EA278F779BDFE09109
:10AAA000E827F091E92780818D788083E091E8277D
:10AAB000F091E927808181608083E091E627F09121
:10AAC000E727EF5BFF4F10828091EA27806882DFE3
:10AAD000E091E827F091E927808181608083E0910F
:10AAE000E627F091E727EF5BFF4F10820895E09192
:10AAF000E827F091E927818184608183E091E8274C
:10AB0000F091E9278181807C803459F48091EA2793
:10AB1000805860DFE091E827F091E9278181846027
:10AB2000818308951F93CF93DF93C82F162FD42FBF
:10AB300051DFE091E827F091E9271182E091E827C1
:10AB4000F091E9278C2F86FB880F880B80F98270A3
:10AB50008083E091E827F091E9271183E091E827CD
:10AB6000F091E927128213828091E6279091E727DE
:10AB700084839583CC0FCC0BCD23FC01E05CFF4F8D
:10AB8000C0833196108281E0DF91CF911F910895AB
:10AB9000CF92DF92EF92FF920F931F93CF93DF93A9
:10ABA000D62E8C01C12CCD1002C081E01BC0F80153
:10ABB000D081D11104C0C3940B5F1F4FF4CFE1804B
:10ABC000F2802381848138E1823008F438E088E023
:10ABD00090E0C0E08E159F0570F08D2F8F7087304C
:10ABE00070F080E0DF91CF911F910F91FF90EF9077
:10ABF000DF90CF900895CF5F880F991FEBCFF1E4DE
:10AC0000EF16F10470F7C32BCF7E222321F0213001
:10AC100079F0C06806C0C0644E2D6C2F80E88D0F9F
:10AC200081DF4E2D6C2F8D2F7DDF8111C4CFD9CFC9
:10AC3000C06CF7CF80E090E0E091C604F091C704CB
:10AC40009C0144E0220F331F4A95E1F7E20FF31F06
:10AC50001186E091C604F091C704E20FF31F118240
:10AC600001968730910541F708958091DD2787FF90
:10AC70000CC0E1DE81117FCE8091DC278111F9CFFC
:10AC800008958091DC278823D9F3C9DE8823C9F38E
:10AC900059CE0F931F93CF93E091C604F091C70450
:10ACA000E059FF4F00811181C4E68091EA2787FFB8
:10ACB00012C0B5DE81110AC08091DC2781110DC060
:10ACC00082E005C08C2F8901C82FEFCF80E0CF91A3
:10ACD0001F910F910895AFDEEDCF8530C1F0E09167
:10ACE000E827F091E927818182FD13C0E091C60435
:10ACF000F091C704E059FF4F2081318102171307FB
:10AD000009F38FEF8C0FC111DECF84E0E0CF83E039
:10AD1000DECF81E0DCCF62D068D0E0ECF4E081816E
:10AD20008E7F818380818F7780831092E5270895BD
:10AD3000CF93DF93E0E4F0E0148284818360848326
:10AD40004DD053D0C0ECD4E088818F778883888140
:10AD5000806888831092DC271092DB271092DA2714
:10AD600088818064888348E068E480E8DBDE48E02E
:10AD700068E480E0D7DE8885806488878981816087
:10AD80008983DF91CF910895CF93DF932FB7F89404
:10AD9000C0ECD1E082E08A87EAE1F0E0E491A0EC47
:10ADA000B4E0DA96EC93DA97EBE1F0E0E491DB962D
:10ADB000EC93DB971A8688E89BE28E7F16968D933C
:10ADC0009C93179786E18C9383E018968C932FBF02
:10ADD00081E08093E527DF91CF91AACFE0ECF4E00A
:10ADE00080858370808711860895E0ECF4E08FEF12
:10ADF0008287848708951F920F920FB60F921124B5
:10AE000008B60F9218BE09B60F9219BE0BB60F9274
:10AE10001BBE2F933F934F935F936F937F938F93BB
:10AE20009F93AF93BF93EF93FF938091CA0487FFE3
:10AE300008C08091C80487FF04C080E88093CA04DA
:10AE40002CDC8091CA0486FF07C080E48093CA048A
:10AE50001092DC270E9484148091CA0485FF0CC0E4
:10AE600080E28093CA048091DB278823A1F184E0EB
:10AE70008093DC270E9483148091CA0484FF14C04D
:10AE800080E18093CA0482E08093DC271092DB2764
:10AE90001092C304CFDE48E068E480E843DE48E077
:10AEA00068E480E03FDEF9DBFF91EF91BF91AF9165
:10AEB0009F918F917F916F915F914F913F912F91D2
:10AEC0000F900BBE0F9009BE0F9008BE0F900FBEE3
:10AED0000F901F9018958091C304882311F083E090
:10AEE000C7CF81E0C5CFCF93DF93EC01FC01709613
:10AEF0008BE0DF011D928A95E9F782E08C838987D8
:10AF000083E08E8761E0CE01019642DE882361F006
:10AF100061E0CE0106963CDE882331F061E0CE018F
:10AF20000B96DF91CF9134CE80E0DF91CF910895E1
:10AF30000F931F93CF93DF93FC01D62FC72F8A0166
:10AF40008091DC278430A1F484899589A689B7890A
:10AF5000892B8A2B8B2B61F081813CDD40E050E016
:10AF6000B8018D2F9C2FDF91CF911F910F91A7CB0F
:10AF700082E0DF91CF911F910F910895CF93FC0153
:10AF8000C62F8091DC27843001F584899589A689B4
:10AF9000B789892B8A2B8B2BC1F081811BDD2091F6
:10AFA000E6273091E727F901EF5BFF4F908131975A
:10AFB0008081981728F48C2FFDDC80E0CF910895D4
:10AFC000C1DC67DE8823B9F3F9CF82E0F7CFCF93F6
:10AFD000DF93FC018091DC27843091F58489958989
:10AFE000A689B789892B8A2B8B2B51F18181F2DCC1
:10AFF0002091EA278091E6279091E727FC0127FF1F
:10B0000017C0EF5BFF4F208130E0232B69F0FC017C
:10B01000EF5BFF4FD0813197C08194DCDC1720F0CB
:10B0200038DE811102C08EDC80E0DF91CF9108957F
:10B03000E05CFF4F208131963081231B330BE5CF3D
:10B0400082E0F3CFCF93DF93EC018091DC27843053
:10B0500089F48C899D89AE89BF89892B8A2B8B2B9A
:10B0600049F08981B7DCDBDC882321F0CE01DF9158
:10B07000CF91ADCFDF91CF910895FC018091DC2776
:10B080008430E9F484899589A689B789892B8A2B2C
:10B090008B2BA9F086819EDCCEDC882381F0809109
:10B0A000EA272091E6273091E727F901EF5BFF4F70
:10B0B00087FF08C0808190E0892B61F45CDC80E030
:10B0C00090E00895D901A05CBF4F8C919081891BBD
:10B0D000990BF2CF8091EA2787FF03C0808190E02F
:10B0E0000895205C3F4FD9018C919081891B990B69
:10B0F0000895CF93DF93FC018091DC27843031F0F9
:10B10000CFEFDFEFCE01DF91CF910895848995894C
:10B11000A689B789892B8A2B8B2B91F386815ADCE0
:10B120008ADC882369F32091EA278091E6279091B1
:10B13000E727FC01EF5BFF4F27FF1AC0808190E0FB
:10B14000CFEFDFEF892B19F025DCC82FD0E020915D
:10B15000EA278091E6279091E727FC01EF5BFF4FFC
:10B1600027FF0EC0208130E0232B61F604DCCACF1C
:10B17000805C9F4FDC018C919081891B990BE0CF03
:10B18000805C9F4FDC012C918081281B330BECCF1E
:10B19000FF920F931F93CF93DF93EC0164DC88231E
:10B1A000A1F0888190E02091E1273091E2272817D3
:10B1B000390759F48091DE27823209F471C058F4BE
:10B1C000803209F43AC08132C1F0DF91CF911F91F2
:10B1D0000F91FF9008958332C1F78091DD2781326E
:10B1E000A1F759DC42DD6091DF27CE01DF91CF91DD
:10B1F0001F910F91FF900C94B0148091DD27813A3C
:10B2000021F749DC0CDC8823E9F38C89FD880E8961
:10B210001F89D0DB8F2DCEDB802FCCDB812FCADBCB
:10B22000888DC8DB898DC6DB8A8DC4DB8BDBDF9123
:10B23000CF911F910F91FF9018CD8091DD27813222
:10B2400009F0C3CF28DCF7DB882329F1A3DBF82E34
:10B25000A1DB182F9FDB082F9DDB402F50E060E023
:10B2600070E0BA0155274427782B4F29512B4C8B7E
:10B270005D8B6E8B7F8B8EDB888F8CDB898F8ADB7F
:10B280008A8F79DBF2DCCE01DF91CF911F910F9194
:10B29000FF900C945B158091DC278111D4CF95CF62
:10B2A0008091DD27813209F090CFF5DBDEDC8091E3
:10B2B000DF279091E027888B998BCE01DF91CF918A
:10B2C0001F910F91FF900C941415FC01668384E686
:10B2D000489FA001112484814115510531F485FF57
:10B2E00002C087E0838382E00895982F9874983491
:10B2F00041F466838AE68A95F1F700C0415051090E
:10B30000EACF982F9075903521F487E0838383E00E
:10B310000895803478F380E00895FC016783848188
:10B3200086FFFDCF848186FF07C08481829581706E
:10B3300091E089278170089580E0FCCFFC01DB015A
:10B3400084818C708C3061F0848187FFFDCF878190
:10B350008C9387E0411101C082E0838381E00895EE
:10B3600080E00895DB018F939F9349D0BF91AF9107
:10B37000A29F800D911DA39F900DB29F900D11244F
:10B380000895A1E21A2EAA1BBB1BFD010DC0AA1F26
:10B39000BB1FEE1FFF1FA217B307E407F50720F03E
:10B3A000A21BB30BE40BF50B661F771F881F991FB9
:10B3B0001A9469F760957095809590959B01AC0102
:10B3C000BD01CF010895052E97FB16F400940FD010
:10B3D00057FD05D0D6DF07FC02D046F408C05095D3
:10B3E0004095309521953F4F4F4F5F4F0895909571
:10B3F0008095709561957F4F8F4F9F4F089509D02D
:10B40000A59F900DB49F900DA49F800D911D1124B8
:10B410000895A29FB001B39FC001A39F700D811D2D
:10B420001124911DB29F700D811D1124911D08954D
:10B43000FC0105900020E9F7809590958E0F9F1FE5
:10B440000895CF93DF93EC018B8188608B83CE01CD
:10B4500008D09C019B81977F9B83C901DF91CF918D
:10B4600008955F926F927F928F929F92AF92BF9258
:10B47000CF92DF92EF92FF920F931F93CF93DF93C0
:10B48000CDB7DEB72F97CDBFDEBF6C017B018A0140
:10B49000DC0116961D921C92179713968C9181FFD2
:10B4A000EEC12AE0522EF6019381F70193FD8591BA
:10B4B00093FF81917F01882309F471C0853239F4AB
:10B4C00093FD859193FF81917F01853221F4B6012F
:10B4D00090E0EED1E8CF912C612C712CFFE1F715B3
:10B4E00008F445C08B32C1F1F0F48032B9F18332F7
:10B4F00009F43AC0833609F497C0833709F4A0C031
:10B50000833509F0C0C0F801A190B1908F01692D79
:10B5100070E076FC02C06FEF7FEFC501B3D14C0144
:10B52000689477F86EC08D32E1F0803351F020EDF1
:10B53000280F2A3048F18E3209F048C0689476F816
:10B5400002C0689470F8F70193FD859193FF819193
:10B550007F018111C3CF42C0689471F8689472F87A
:10B56000F2CF689473F8EFCF689474F8ECCF77FC5F
:10B5700035C020ED280F2A3070F476FE05C0959C6A
:10B58000200D1124922EDFCF659C200D1124622EF8
:10B59000689475F8D8CF8E32C9F476FECFCFD60135
:10B5A00016968D919C912F96CDBFDEBFDF91CF91E6
:10B5B0001F910F91FF90EF90DF90CF90BF90AF90D1
:10B5C0009F908F907F906F905F9008958C3619F4C4
:10B5D000689477F8B8CF883609F4B5CF982F9F7D57
:10B5E0009554933008F086CF0C5F1F4F8FE389830B
:10B5F00088248394912CAE014F5F5F4F5A01E894E9
:10B6000077F873FC05C0862D90E08816990630F116
:10B610008114910449F5662009F445CFB60180E212
:10B6200090E046D16A94F7CFD8018C9189830E5F60
:10B630001F4F88248394912CFE0131965F01DFCF48
:10B64000D801AD90BD908D01692D70E076FC02C0EF
:10B650006FEF7FEFC50121D14C01D1CFB60180E260
:10B6600090E026D16A94CFCFF50177FC859177FEE3
:10B6700081915F01B60190E01BD161106A94F1E005
:10B680008F1A9108C5CF843619F0893609F07DC02C
:10B69000F80177FE73C061917191819191918F0151
:10B6A000272D2F76822E97FF09C090958095709553
:10B6B00061957F4F8F4F9F4F689487F82AE030E065
:10B6C000AE014F5F5F4F5A0123D18A19A82EBA2CC1
:10B6D000782C86FE0CC0E89470F8A91440F484FE1F
:10B6E00005C082FC03C0782D7E7E772EB92C74FEB7
:10B6F000A1C0FE01EA0DF11D8081803309F093C0E5
:10B70000872D897E782E73FC0EC070FEA1C09A2C06
:10B71000B61418F4960C9B18B62C862D8B196B1446
:10B7200008F480E0B80EB61408F094C06B1874FEEC
:10B7300093C0B60180E390E0BBD072FE08C088E5FC
:10B7400090E071FC02C088E790E0B601B1D0A91486
:10B7500008F48FC0AA94B12C9FEFA91AB90ADE0190
:10B7600011964D01AA0EBB1EF50182915F01B60133
:10B7700090E09ED08A149B04B9F74DCF61917191EE
:10B78000072E000C880B990B8ACF872CE89484F83D
:10B790002AE030E0853769F0572D597F852E8037B4
:10B7A00069F110F5883569F18F3609F0F8CE28E097
:10B7B00030E0F80187FE2DC081919191A191B19166
:10B7C0008C879D87AE87BF878F01BE016F5F7F4FDC
:10B7D0005B01AB016C857D858E859F8599D08A192B
:10B7E000A82EE89487F873CF883709F0D8CE84FE66
:10B7F00002C0689482F820E130E0DBCF689484F8DE
:10B80000F6CF74FE03C0652F6660862E20E132E01D
:10B81000D0CF81919191AC0160E070E04C875D8761
:10B820006E877F87D1CF72FC02C0B3946CCFB39484
:10B83000B39469CF872D8678882309F464CFF5CF38
:10B84000B60180E290E034D083948614C8F365CFCB
:10B850008B2CFBCF612C6BCF872D8678882309F446
:10B8600076CF8BE271FE80E277FC8DE2B60190E04C
:10B870006DCFB60180E390E01BD09A9468CF8FEF34
:10B880009FEF91CEFC010590615070400110D8F7F8
:10B89000809590958E0F9F1F0895FC016150704018
:10B8A00001900110D8F7809590958E0F9F1F0895F5
:10B8B0000F931F93CF93DF93182F092FEB018B81E9
:10B8C00081FD09C01FEF0FEF812F902FDF91CF91E6
:10B8D0001F910F91089582FF14C02E813F818C81AA
:10B8E0009D81281739073CF4E881F981CF01019641
:10B8F0008883998310838E819F8101968E839F8395
:10B90000E3CFE885F985812F1995892BA1F3DACF4B
:10B91000FA01AA27283051F1203181F1E8946F9380
:10B920006E7F6E5F7F4F8F4F9F4FAF4FB1E03ED026
:10B93000B4E03CD0670F781F891F9A1FA11D680FC4
:10B94000791F8A1F911DA11D6A0F711D811D911DF7
:10B95000A11D20D009F468943F912AE0269F11246C
:10B960003019305D3193DEF6CF010895462F4770D0
:10B97000405D4193B3E00FD0C9F7F6CF462F4F702B
:10B98000405D4A3318F0495D31FD4052419302D089
:10B99000A9F7EACFB4E0A69597958795779567952F
:10B9A000BA95C9F700976105710508959B01AC012F
:10B9B0000A2E06945795479537952795BA95C9F756
:10B9C000620F731F841F951FA01D0895F894FFCF69
:10B9D00002844000000105400000018608000001CB
:10B9E0000000000000000000000000008140000096
:10B9F0000102400000018308000001000000000077
:10BA00000000000000000000000300000000881794
:10BA100000000000FFFFFFFF0A0300C2010000C298
:04BA20000100010020
:00000001FF
